Date,Price
1/2/2018,43.06
1/3/2018,43.06
1/4/2018,43.26
1/5/2018,43.75
1/8/2018,43.59
1/9/2018,43.58
1/10/2018,43.57
1/11/2018,43.82
1/12/2018,44.27
1/16/2018,44.05
1/17/2018,44.77
1/18/2018,44.81
1/19/2018,44.62
1/22/2018,44.25
1/23/2018,44.26
1/24/2018,43.55
1/25/2018,42.78
1/26/2018,42.88
1/29/2018,41.99
1/30/2018,41.74
1/31/2018,41.86
2/1/2018,41.95
2/2/2018,40.12
2/5/2018,39.12
2/6/2018,40.76
2/7/2018,39.88
2/8/2018,38.79
2/9/2018,39.1
2/12/2018,40.68
2/13/2018,41.09
2/14/2018,41.84
2/15/2018,43.25
2/16/2018,43.11
2/20/2018,42.96
2/21/2018,42.77
2/22/2018,43.12
2/23/2018,43.88
2/26/2018,44.74
2/27/2018,44.6
2/28/2018,44.53
3/1/2018,43.75
3/2/2018,44.05
3/5/2018,44.2
3/6/2018,44.17
3/7/2018,43.76
3/8/2018,44.23
3/9/2018,44.99
3/12/2018,45.43
3/13/2018,44.99
3/14/2018,44.61
3/15/2018,44.66
3/16/2018,44.51
3/19/2018,43.83
3/20/2018,43.81
3/21/2018,42.82
3/22/2018,42.21
3/23/2018,41.23
3/26/2018,43.19
3/27/2018,42.09
3/28/2018,41.62
3/29/2018,41.95
4/2/2018,41.67
4/3/2018,42.1
4/4/2018,42.9
4/5/2018,43.2
4/6/2018,42.09
4/9/2018,42.51
4/10/2018,43.31
4/11/2018,43.11
4/12/2018,43.53
4/13/2018,43.68
4/16/2018,43.95
4/17/2018,44.56
4/18/2018,44.46
4/19/2018,43.2
4/20/2018,41.43
4/23/2018,41.31
4/24/2018,40.73
4/25/2018,40.91
4/26/2018,41.05
4/27/2018,40.58
4/30/2018,41.31
5/1/2018,42.27
5/2/2018,44.14
5/3/2018,44.22
5/4/2018,45.96
5/7/2018,46.29
5/8/2018,46.51
5/9/2018,46.84
5/10/2018,47.51
5/11/2018,47.15
5/14/2018,47.04
5/15/2018,46.61
5/16/2018,47.05
5/17/2018,46.75
5/18/2018,46.58
5/21/2018,46.91
5/22/2018,46.79
5/23/2018,47.09
5/24/2018,47.04
5/25/2018,47.15
5/29/2018,46.98
5/30/2018,46.88
5/31/2018,46.72
6/1/2018,47.56
6/4/2018,47.96
6/5/2018,48.33
6/6/2018,48.49
6/7/2018,48.37
6/8/2018,47.92
6/11/2018,47.81
6/12/2018,48.07
6/13/2018,47.67
6/14/2018,47.7
6/15/2018,47.21
6/18/2018,47.19
6/19/2018,46.42
6/20/2018,46.62
6/21/2018,46.37
6/22/2018,46.23
6/25/2018,45.54
6/26/2018,46.11
6/27/2018,46.04
6/28/2018,46.38
6/29/2018,46.28
7/2/2018,46.8
7/3/2018,45.98
7/5/2018,46.35
7/6/2018,46.99
7/9/2018,47.65
7/10/2018,47.59
7/11/2018,46.97
7/12/2018,47.76
7/13/2018,47.83
7/16/2018,47.73
7/17/2018,47.86
7/18/2018,47.6
7/19/2018,47.97
7/20/2018,47.86
7/23/2018,47.9
7/24/2018,48.25
7/25/2018,48.7
7/26/2018,48.55
7/27/2018,47.74
7/30/2018,47.48
7/31/2018,47.57
8/1/2018,50.38
8/2/2018,51.85
8/3/2018,52
8/6/2018,52.27
8/7/2018,51.78
8/8/2018,51.81
8/9/2018,52.22
8/10/2018,51.88
8/13/2018,52.22
8/14/2018,52.44
8/15/2018,52.56
8/16/2018,53.33
8/17/2018,54.4
8/20/2018,53.87
8/21/2018,53.76
8/22/2018,53.76
8/23/2018,53.87
8/24/2018,54.04
8/27/2018,54.48
8/28/2018,54.92
8/29/2018,55.74
8/30/2018,56.26
8/31/2018,56.91
9/4/2018,57.09
9/5/2018,56.72
9/6/2018,55.77
9/7/2018,55.33
9/10/2018,54.58
9/11/2018,55.96
9/12/2018,55.27
9/13/2018,56.6
9/14/2018,55.96
9/17/2018,54.47
9/18/2018,54.56
9/19/2018,54.59
9/20/2018,55.01
9/21/2018,54.41
9/24/2018,55.2
9/25/2018,55.55
9/26/2018,55.1
9/27/2018,56.24
9/28/2018,56.44
10/1/2018,56.81
10/2/2018,57.32
10/3/2018,58.02
10/4/2018,57
10/5/2018,56.07
10/8/2018,55.94
10/9/2018,56.72
10/10/2018,54.09
10/11/2018,53.61
10/12/2018,55.53
10/15/2018,54.34
10/16/2018,55.54
10/17/2018,55.3
10/18/2018,54.01
10/19/2018,54.83
10/22/2018,55.16
10/23/2018,55.68
10/24/2018,53.77
10/25/2018,54.95
10/26/2018,54.08
10/29/2018,53.06
10/30/2018,53.33
10/31/2018,54.72
11/1/2018,55.55
11/2/2018,51.87
11/5/2018,50.4
11/6/2018,50.94
11/7/2018,52.49
11/8/2018,52.12
11/9/2018,51.12
11/12/2018,48.54
11/13/2018,48.06
11/14/2018,46.7
11/15/2018,47.85
11/16/2018,48.38
11/19/2018,46.47
11/20/2018,44.24
11/21/2018,44.2
11/23/2018,43.07
11/26/2018,43.66
11/27/2018,43.56
11/28/2018,45.23
11/29/2018,44.89
11/30/2018,44.65
12/3/2018,46.2
12/4/2018,44.17
12/6/2018,43.68
12/7/2018,42.12
12/10/2018,42.4
12/11/2018,42.16
12/12/2018,42.27
12/13/2018,42.74
12/14/2018,41.37
12/17/2018,40.98
12/18/2018,41.52
12/19/2018,40.22
12/20/2018,39.21
12/21/2018,37.68
12/24/2018,36.71
12/26/2018,39.29
12/27/2018,39.04
12/28/2018,39.06
12/31/2018,39.44
1/2/2019,39.48
1/3/2019,35.55
1/4/2019,37.06
1/7/2019,36.98
1/8/2019,37.69
1/9/2019,38.33
1/10/2019,38.45
1/11/2019,38.07
1/14/2019,37.5
1/15/2019,38.27
1/16/2019,38.73
1/17/2019,38.97
1/18/2019,39.2
1/22/2019,38.33
1/23/2019,38.48
1/24/2019,38.17
1/25/2019,39.44
1/28/2019,39.08
1/29/2019,38.67
1/30/2019,41.31
1/31/2019,41.61
2/1/2019,41.63
2/4/2019,42.81
2/5/2019,43.55
2/6/2019,43.56
2/7/2019,42.73
2/8/2019,42.6
2/11/2019,42.36
2/12/2019,42.72
2/13/2019,42.55
2/14/2019,42.7
2/15/2019,42.6
2/19/2019,42.73
2/20/2019,43.01
2/21/2019,42.77
2/22/2019,43.24
2/25/2019,43.56
2/26/2019,43.58
2/27/2019,43.72
2/28/2019,43.29
3/1/2019,43.74
3/4/2019,43.96
3/5/2019,43.88
3/6/2019,43.63
3/7/2019,43.12
3/8/2019,43.23
3/11/2019,44.73
3/12/2019,45.23
3/13/2019,45.43
3/14/2019,45.93
3/15/2019,46.53
3/18/2019,47.01
3/19/2019,46.63
3/20/2019,47.04
3/21/2019,48.77
3/22/2019,47.76
3/25/2019,47.19
3/26/2019,46.7
3/27/2019,47.12
3/28/2019,47.18
3/29/2019,47.49
4/1/2019,47.81
4/2/2019,48.51
4/3/2019,48.84
4/4/2019,48.92
4/5/2019,49.25
4/8/2019,50.02
4/9/2019,49.88
4/10/2019,50.16
4/11/2019,49.74
4/12/2019,49.72
4/15/2019,49.81
4/16/2019,49.81
4/17/2019,50.78
4/18/2019,50.97
4/22/2019,51.13
4/23/2019,51.87
4/24/2019,51.79
4/25/2019,51.32
4/26/2019,51.08
4/29/2019,51.15
4/30/2019,50.17
5/1/2019,52.63
5/2/2019,52.29
5/3/2019,52.94
5/6/2019,52.12
5/7/2019,50.72
5/8/2019,50.73
5/9/2019,50.18
5/10/2019,49.3
5/13/2019,46.43
5/14/2019,47.16
5/15/2019,47.73
5/16/2019,47.52
5/17/2019,47.25
5/20/2019,45.77
5/21/2019,46.65
5/22/2019,45.7
5/23/2019,44.91
5/24/2019,44.74
5/28/2019,44.56
5/29/2019,44.34
5/30/2019,44.58
5/31/2019,43.77
6/3/2019,43.33
6/4/2019,44.91
6/5/2019,45.63
6/6/2019,46.3
6/7/2019,47.54
6/10/2019,48.15
6/11/2019,48.7
6/12/2019,48.55
6/13/2019,48.54
6/14/2019,48.19
6/17/2019,48.47
6/18/2019,49.61
6/19/2019,49.47
6/20/2019,49.87
6/21/2019,49.7
6/24/2019,49.65
6/25/2019,48.89
6/26/2019,49.95
6/27/2019,49.94
6/28/2019,49.48
7/1/2019,50.39
7/2/2019,50.68
7/3/2019,51.1
7/5/2019,51.06
7/8/2019,50.01
7/9/2019,50.31
7/10/2019,50.81
7/11/2019,50.44
7/12/2019,50.83
7/15/2019,51.3
7/16/2019,51.12
7/17/2019,50.84
7/18/2019,51.41
7/19/2019,50.65
7/22/2019,51.8
7/23/2019,52.21
7/24/2019,52.17
7/25/2019,51.76
7/26/2019,51.94
7/29/2019,52.42
7/30/2019,52.2
7/31/2019,53.26
8/1/2019,52.11
8/2/2019,51.01
8/5/2019,48.34
8/6/2019,49.25
8/7/2019,49.76
8/8/2019,50.86
8/9/2019,50.25
8/12/2019,50.12
8/13/2019,52.24
8/14/2019,50.69
8/15/2019,50.44
8/16/2019,51.62
8/19/2019,52.59
8/20/2019,52.59
8/21/2019,53.16
8/22/2019,53.12
8/23/2019,50.66
8/26/2019,51.62
8/27/2019,51.04
8/28/2019,51.38
8/29/2019,52.25
8/30/2019,52.19
9/3/2019,51.42
9/4/2019,52.3
9/5/2019,53.32
9/6/2019,53.31
9/9/2019,53.54
9/10/2019,54.17
9/11/2019,55.9
9/12/2019,55.77
9/13/2019,54.69
9/16/2019,54.98
9/17/2019,55.17
9/18/2019,55.69
9/19/2019,55.24
9/20/2019,54.43
9/23/2019,54.68
9/24/2019,54.42
9/25/2019,55.26
9/26/2019,54.97
9/27/2019,54.7
9/30/2019,55.99
10/1/2019,56.15
10/2/2019,54.74
10/3/2019,55.2
10/4/2019,56.75
10/7/2019,56.77
10/8/2019,56.1
10/9/2019,56.76
10/10/2019,57.52
10/11/2019,59.05
10/14/2019,58.97
10/15/2019,58.83
10/16/2019,58.59
10/17/2019,58.82
10/18/2019,59.1
10/21/2019,60.13
10/22/2019,59.99
10/23/2019,60.8
10/24/2019,60.9
10/25/2019,61.65
10/28/2019,62.26
10/29/2019,60.82
10/30/2019,60.81
10/31/2019,62.19
11/1/2019,63.95
11/4/2019,64.38
11/5/2019,64.28
11/6/2019,64.31
11/7/2019,64.86
11/8/2019,65.03
11/11/2019,65.55
11/12/2019,65.49
11/13/2019,66.12
11/14/2019,65.66
11/15/2019,66.44
11/18/2019,66.78
11/19/2019,66.57
11/20/2019,65.8
11/21/2019,65.5
11/22/2019,65.44
11/25/2019,66.59
11/26/2019,66.07
11/27/2019,66.96
11/29/2019,66.81
12/2/2019,66.04
12/3/2019,64.86
12/4/2019,65.44
12/5/2019,66.39
12/6/2019,67.68
12/9/2019,66.73
12/10/2019,67.12
12/11/2019,67.69
12/12/2019,67.86
12/13/2019,68.79
12/16/2019,69.97
12/17/2019,70.1
12/18/2019,69.94
12/19/2019,70
12/20/2019,69.86
12/23/2019,71
12/24/2019,71.07
12/26/2019,72.48
12/27/2019,72.45
12/30/2019,72.88
12/31/2019,73.41
1/2/2020,75.09
1/3/2020,74.36
1/6/2020,74.95
1/7/2020,74.6
1/8/2020,75.8
1/9/2020,77.41
1/10/2020,77.58
1/13/2020,79.24
1/14/2020,78.17
1/15/2020,77.83
1/16/2020,78.81
1/17/2020,79.68
1/21/2020,79.14
1/22/2020,79.42
1/23/2020,79.81
1/24/2020,79.58
1/27/2020,77.24
1/28/2020,79.42
1/29/2020,81.08
1/30/2020,80.97
1/31/2020,77.38
2/3/2020,77.17
2/4/2020,79.71
2/5/2020,80.36
2/6/2020,81.3
2/7/2020,80.01
2/10/2020,80.39
2/11/2020,79.9
2/12/2020,81.8
2/13/2020,81.22
2/14/2020,81.24
2/18/2020,79.75
2/19/2020,80.91
2/20/2020,80.08
2/21/2020,78.26
2/24/2020,74.55
2/25/2020,72.02
2/26/2020,73.16
2/27/2020,68.38
2/28/2020,68.34
3/2/2020,74.7
3/3/2020,72.33
3/4/2020,75.69
3/5/2020,73.23
3/6/2020,72.26
3/9/2020,66.54
3/10/2020,71.33
3/11/2020,68.86
3/12/2020,62.06
3/13/2020,69.49
3/16/2020,60.55
3/17/2020,63.22
3/18/2020,61.67
3/19/2020,61.2
3/20/2020,57.31
3/23/2020,56.09
3/24/2020,61.72
3/25/2020,61.38
3/26/2020,64.61
3/27/2020,61.94
3/30/2020,63.7
3/31/2020,63.57
4/1/2020,60.23
4/2/2020,61.23
4/3/2020,60.35
4/6/2020,65.62
4/7/2020,64.86
4/8/2020,66.52
4/9/2020,67
4/13/2020,68.31
4/14/2020,71.76
4/15/2020,71.11
4/16/2020,71.67
4/17/2020,70.7
4/20/2020,69.23
4/21/2020,67.09
4/22/2020,69.03
4/23/2020,68.76
4/24/2020,70.74
4/27/2020,70.79
4/28/2020,69.64
4/29/2020,71.93
4/30/2020,73.45
5/1/2020,72.27
5/4/2020,73.29
5/5/2020,74.39
5/6/2020,75.16
5/7/2020,75.94
5/8/2020,77.53
5/11/2020,78.75
5/12/2020,77.85
5/13/2020,76.91
5/14/2020,77.39
5/15/2020,76.93
5/18/2020,78.74
5/19/2020,78.28
5/20/2020,79.81
5/21/2020,79.21
5/22/2020,79.72
5/26/2020,79.18
5/27/2020,79.53
5/28/2020,79.56
5/29/2020,79.48
6/1/2020,80.46
6/2/2020,80.83
6/3/2020,81.28
6/4/2020,80.58
6/5/2020,82.88
6/8/2020,83.36
6/9/2020,86
6/10/2020,88.21
6/11/2020,83.97
6/12/2020,84.7
6/15/2020,85.75
6/16/2020,88.02
6/17/2020,87.9
6/18/2020,87.93
6/19/2020,87.43
6/22/2020,89.72
6/23/2020,91.63
6/24/2020,90.02
6/25/2020,91.21
6/26/2020,88.41
6/29/2020,90.44
6/30/2020,91.2
7/1/2020,91.03
7/2/2020,91.03
7/6/2020,93.46
7/7/2020,93.17
7/8/2020,95.34
7/9/2020,95.68
7/10/2020,95.92
7/13/2020,95.48
7/14/2020,97.06
7/15/2020,97.72
7/16/2020,96.52
7/17/2020,96.33
7/20/2020,98.36
7/21/2020,97
7/22/2020,97.27
7/23/2020,92.84
7/24/2020,92.61
7/27/2020,94.81
7/28/2020,93.25
7/29/2020,95.04
7/30/2020,96.19
7/31/2020,106.26
8/3/2020,108.94
8/4/2020,109.67
8/5/2020,110.06
8/6/2020,113.9
8/7/2020,111.11
8/10/2020,112.73
8/11/2020,109.38
8/12/2020,113.01
8/13/2020,115.01
8/14/2020,114.91
8/17/2020,114.61
8/18/2020,115.56
8/19/2020,115.71
8/20/2020,118.28
8/21/2020,124.37
8/24/2020,125.86
8/25/2020,124.83
8/26/2020,126.52
8/27/2020,125.01
8/28/2020,124.81
8/31/2020,129.04
9/1/2020,134.18
9/2/2020,131.4
9/3/2020,120.88
9/4/2020,120.96
9/8/2020,112.82
9/9/2020,117.32
9/10/2020,113.49
9/11/2020,112
9/14/2020,115.36
9/15/2020,115.54
9/16/2020,112.13
9/17/2020,110.34
9/18/2020,106.84
9/21/2020,110.08
9/22/2020,111.81
9/23/2020,107.12
9/24/2020,108.22
9/25/2020,112.28
9/28/2020,114.96
9/29/2020,114.09
9/30/2020,115.81
10/1/2020,116.79
10/2/2020,113.02
10/5/2020,116.5
10/6/2020,113.16
10/7/2020,115.08
10/8/2020,114.97
10/9/2020,116.97
10/12/2020,124.4
10/13/2020,121.1
10/14/2020,121.19
10/15/2020,120.71
10/16/2020,119.02
10/19/2020,115.98
10/20/2020,117.51
10/21/2020,116.87
10/22/2020,115.75
10/23/2020,115.04
10/26/2020,115.05
10/27/2020,116.6
10/28/2020,111.2
10/29/2020,115.32
10/30/2020,108.86
11/2/2020,108.77
11/3/2020,110.44
11/4/2020,114.95
11/5/2020,119.03
11/6/2020,118.69
11/9/2020,116.32
11/10/2020,115.97
11/11/2020,119.49
11/12/2020,119.21
11/13/2020,119.26
11/16/2020,120.3
11/17/2020,119.39
11/18/2020,118.03
11/19/2020,118.64
11/20/2020,117.34
11/23/2020,113.85
11/24/2020,115.17
11/25/2020,116.03
11/27/2020,116.59
11/30/2020,119.05
12/1/2020,122.72
12/2/2020,123.08
12/3/2020,122.94
12/4/2020,122.25
12/7/2020,123.75
12/8/2020,124.38
12/9/2020,121.78
12/10/2020,123.24
12/11/2020,122.41
12/14/2020,121.78
12/15/2020,127.88
12/16/2020,127.81
12/17/2020,128.7
12/18/2020,126.65
12/21/2020,128.23
12/22/2020,131.88
12/23/2020,130.96
12/24/2020,131.97
12/28/2020,136.69
12/29/2020,134.87
12/30/2020,133.72
12/31/2020,132.69
1/4/2021,129.41
1/5/2021,131.01
1/6/2021,126.6
1/7/2021,130.92
1/8/2021,132.05
1/11/2021,128.98
1/12/2021,128.8
1/13/2021,130.89
1/14/2021,128.91
1/15/2021,127.14
1/19/2021,127.83
1/20/2021,132.03
1/21/2021,136.87
1/22/2021,139.07
1/25/2021,142.92
1/26/2021,143.16
1/27/2021,142.06
1/28/2021,137.09
1/29/2021,131.96
2/1/2021,134.14
2/2/2021,134.99
2/3/2021,133.94
2/4/2021,137.39
2/5/2021,136.76
2/8/2021,136.91
2/9/2021,136.01
2/10/2021,135.39
2/11/2021,135.13
2/12/2021,135.37
2/16/2021,133.19
2/17/2021,130.84
2/18/2021,129.71
2/19/2021,129.87
2/22/2021,126
2/23/2021,125.86
2/24/2021,125.35
2/25/2021,120.99
2/26/2021,121.26
3/1/2021,127.79
3/2/2021,125.12
3/3/2021,122.06
3/4/2021,120.13
3/5/2021,121.42
3/8/2021,116.36
3/9/2021,121.08
3/10/2021,119.98
3/11/2021,121.96
3/12/2021,121.03
3/15/2021,123.99
3/16/2021,125.57
3/17/2021,124.76
3/18/2021,120.53
3/19/2021,119.99
3/22/2021,123.39
3/23/2021,122.54
3/24/2021,120.09
3/25/2021,120.59
3/26/2021,121.21
3/29/2021,121.39
3/30/2021,119.9
3/31/2021,122.15
4/1/2021,123
4/5/2021,125.9
4/6/2021,126.21
4/7/2021,127.9
4/8/2021,130.36
4/9/2021,132.99
4/12/2021,131.24
4/13/2021,134.43
4/14/2021,132.03
4/15/2021,134.5
4/16/2021,134.16
4/19/2021,134.84
4/20/2021,133.11
4/21/2021,133.5
4/22/2021,131.94
4/23/2021,134.32
4/26/2021,134.72
4/27/2021,134.39
4/28/2021,133.58
4/29/2021,133.48
4/30/2021,131.46
5/3/2021,132.54
5/4/2021,127.85
5/5/2021,128.1
5/6/2021,129.74
5/7/2021,130.21
5/10/2021,126.85
5/11/2021,125.91
5/12/2021,122.77
5/13/2021,124.97
5/14/2021,127.45
5/17/2021,126.27
5/18/2021,124.85
5/19/2021,124.69
5/20/2021,127.31
5/21/2021,125.43
5/24/2021,127.1
5/25/2021,126.9
5/26/2021,126.85
5/27/2021,125.28
5/28/2021,124.61
6/1/2021,124.28
6/2/2021,125.06
6/3/2021,123.54
6/4/2021,125.89
6/7/2021,125.9
6/8/2021,126.74
6/9/2021,127.13
6/10/2021,126.11
6/11/2021,127.35
6/14/2021,130.48
6/15/2021,129.64
6/16/2021,130.15
6/17/2021,131.79
6/18/2021,130.46
6/21/2021,132.3
6/22/2021,133.98
6/23/2021,133.7
6/24/2021,133.41
6/25/2021,133.11
6/28/2021,134.78
6/29/2021,136.33
6/30/2021,136.96
7/1/2021,137.27
7/2/2021,139.96
7/6/2021,142.02
7/7/2021,144.57
7/8/2021,143.24
7/9/2021,145.11
7/12/2021,144.5
7/13/2021,145.64
7/14/2021,149.15
7/15/2021,148.48
7/16/2021,146.39
7/19/2021,142.45
7/20/2021,146.15
7/21/2021,145.4
7/22/2021,146.8
7/23/2021,148.56
7/26/2021,148.99
7/27/2021,146.77
7/28/2021,144.98
7/29/2021,145.64
7/30/2021,145.86
8/2/2021,145.52
8/3/2021,147.36
8/4/2021,146.95
8/5/2021,147.06
8/6/2021,146.14
8/9/2021,146.09
8/10/2021,145.6
8/11/2021,145.86
8/12/2021,148.89
8/13/2021,149.1
8/16/2021,151.12
8/17/2021,150.19
8/18/2021,146.36
8/19/2021,146.7
8/20/2021,148.19
8/23/2021,149.71
8/24/2021,149.62
8/25/2021,148.36
8/26/2021,147.54
8/27/2021,148.6
8/30/2021,153.12
8/31/2021,151.83
9/1/2021,152.51
9/2/2021,153.65
9/3/2021,154.3
9/7/2021,156.69
9/8/2021,155.11
9/9/2021,154.07
9/10/2021,148.97
9/13/2021,149.55
9/14/2021,148.12
9/15/2021,149.03
9/16/2021,148.79
9/17/2021,146.06
9/20/2021,142.94
9/21/2021,143.43
9/22/2021,145.85
9/23/2021,146.83
9/24/2021,146.92
9/27/2021,145.37
9/28/2021,141.91
9/29/2021,142.83
9/30/2021,141.5
10/1/2021,142.65
10/4/2021,139.14
10/5/2021,141.11
10/6/2021,142
10/7/2021,143.29
10/8/2021,142.9
10/11/2021,142.81
10/12/2021,141.51
10/13/2021,140.91
10/14/2021,143.76
10/15/2021,144.84
10/18/2021,146.55
10/19/2021,148.76
10/20/2021,149.26
10/21/2021,149.48
10/22/2021,148.69
10/25/2021,148.64
10/26/2021,149.32
10/27/2021,148.85
10/28/2021,152.57
10/29/2021,149.8
11/1/2021,148.96
11/2/2021,150.02
11/3/2021,151.49
11/4/2021,150.96
11/5/2021,151.28
11/8/2021,150.44
11/9/2021,150.81
11/10/2021,147.92
11/11/2021,147.87
11/12/2021,149.99
11/15/2021,150
11/16/2021,151
11/17/2021,153.49
11/18/2021,157.87
11/19/2021,160.55
11/22/2021,161.02
11/23/2021,161.41
11/24/2021,161.94
11/26/2021,156.81
11/29/2021,160.24
11/30/2021,165.3
12/1/2021,164.77
12/2/2021,163.76
12/3/2021,161.84
12/6/2021,165.32
12/7/2021,171.18
12/8/2021,175.08
12/9/2021,174.56
12/10/2021,179.45
12/13/2021,175.74
12/14/2021,174.33
12/15/2021,179.3
12/16/2021,172.26
12/17/2021,171.14
12/20/2021,169.75
12/21/2021,172.99
12/22/2021,175.64
12/23/2021,176.28
12/27/2021,180.33
12/28/2021,179.29
12/29/2021,179.38
12/30/2021,178.2
12/31/2021,177.57
1/3/2022,182.01
1/4/2022,179.7
1/5/2022,174.92
1/6/2022,172
1/7/2022,172.17
1/10/2022,172.19
1/11/2022,175.08
1/12/2022,175.53
1/13/2022,172.19
1/14/2022,173.07
1/18/2022,169.8
1/19/2022,166.23
1/20/2022,164.51
1/21/2022,162.41
1/24/2022,161.62
1/25/2022,159.78
1/26/2022,159.69
1/27/2022,159.22
1/28/2022,170.33
1/31/2022,174.78
2/1/2022,174.61
2/2/2022,175.84
2/3/2022,172.9
2/4/2022,172.39
2/7/2022,171.66
2/8/2022,174.83
2/9/2022,176.28
2/10/2022,172.12
2/11/2022,168.64
2/14/2022,168.88
2/15/2022,172.79
2/16/2022,172.55
2/17/2022,168.88
2/18/2022,167.3
2/22/2022,164.32
2/23/2022,160.07
2/24/2022,162.74
2/25/2022,164.85
2/28/2022,165.12
3/1/2022,163.2
3/2/2022,166.56
3/3/2022,166.23
3/4/2022,163.17
3/7/2022,159.3
3/8/2022,157.44
3/9/2022,162.95
3/10/2022,158.52
3/11/2022,154.73
3/14/2022,150.62
3/15/2022,155.09
3/16/2022,159.59
3/17/2022,160.62
3/18/2022,163.98
3/21/2022,165.38
3/22/2022,168.82
3/23/2022,170.21
3/24/2022,174.07
3/25/2022,174.72
3/28/2022,175.6
3/29/2022,178.96
3/30/2022,177.77
3/31/2022,174.61
4/1/2022,174.31
4/4/2022,178.44
4/5/2022,175.06
4/6/2022,171.83
4/7/2022,172.14
4/8/2022,170.09
4/11/2022,165.75
4/12/2022,167.66
4/13/2022,170.4
4/14/2022,165.29
4/18/2022,165.07
4/19/2022,167.4
4/20/2022,167.23
4/21/2022,166.42
4/22/2022,161.79
4/25/2022,162.88
4/26/2022,156.8
4/27/2022,156.57
4/28/2022,163.64
4/29/2022,157.65
5/2/2022,157.96
5/3/2022,159.48
5/4/2022,166.02
5/5/2022,156.77
5/6/2022,157.28
5/9/2022,152.06
5/10/2022,154.51
5/11/2022,146.5
5/12/2022,142.56
5/13/2022,147.11
5/16/2022,145.54
5/17/2022,149.24
5/18/2022,140.82
5/19/2022,137.35
5/20/2022,137.59
5/23/2022,143.11
5/24/2022,140.36
5/25/2022,140.52
5/26/2022,143.78
5/27/2022,149.64
5/31/2022,148.84
6/1/2022,148.71
6/2/2022,151.21
6/3/2022,145.38
6/6/2022,146.14
6/7/2022,148.71
6/8/2022,147.96
6/9/2022,142.64
6/10/2022,137.13
6/13/2022,131.88
6/14/2022,132.76
6/15/2022,135.43
6/16/2022,130.06
6/17/2022,131.56
6/21/2022,135.87
6/22/2022,135.35
6/23/2022,138.27
6/24/2022,141.66
6/27/2022,141.66
6/28/2022,137.44
6/29/2022,139.23
6/30/2022,136.72
7/1/2022,138.93
7/5/2022,141.56
7/6/2022,142.92
7/7/2022,146.35
7/8/2022,147.04
7/11/2022,144.87
7/12/2022,145.86
7/13/2022,145.49
7/14/2022,148.47
7/15/2022,150.17
7/18/2022,147.07
7/19/2022,151
7/20/2022,153.04
7/21/2022,155.35
7/22/2022,154.09
7/25/2022,152.95
7/26/2022,151.6
7/27/2022,156.79
7/28/2022,157.35
7/29/2022,162.51
8/1/2022,161.51
8/2/2022,160.01
8/3/2022,166.13
8/4/2022,165.81
8/5/2022,165.35
8/8/2022,164.87
8/9/2022,164.92
8/10/2022,169.24
8/11/2022,168.49
8/12/2022,172.1
8/15/2022,173.19
8/16/2022,173.03
8/17/2022,174.55
8/18/2022,174.15
8/19/2022,171.52
8/22/2022,167.57
8/23/2022,167.23
8/24/2022,167.53
8/25/2022,170.03
8/26/2022,163.62
8/29/2022,161.38
8/30/2022,158.91
8/31/2022,157.22
9/1/2022,157.96
9/2/2022,155.81
9/6/2022,154.53
9/7/2022,155.96
9/8/2022,154.46
9/9/2022,157.37
9/12/2022,163.43
9/13/2022,153.84
9/14/2022,155.31
9/15/2022,152.37
9/16/2022,150.7
9/19/2022,154.48
9/20/2022,156.9
9/21/2022,153.72
9/22/2022,152.74
9/23/2022,150.43
9/26/2022,150.77
9/27/2022,151.76
9/28/2022,149.84
9/29/2022,142.48
9/30/2022,138.2
10/3/2022,142.45
10/4/2022,146.1
10/5/2022,146.4
10/6/2022,145.43
10/7/2022,140.09
10/10/2022,140.42
10/11/2022,138.98
10/12/2022,138.34
10/13/2022,142.99
10/14/2022,138.38
10/17/2022,142.41
10/18/2022,143.75
10/19/2022,143.86
10/20/2022,143.39
10/21/2022,147.27
10/24/2022,149.45
10/25/2022,152.34
10/26/2022,149.35
10/27/2022,144.8
10/28/2022,155.74
10/31/2022,153.34
11/1/2022,150.65
11/2/2022,145.03
11/3/2022,138.88
11/4/2022,138.38
11/7/2022,138.92
11/8/2022,139.5
11/9/2022,134.87
11/10/2022,146.87
11/11/2022,149.7
11/14/2022,148.28
11/15/2022,150.04
11/16/2022,148.79
11/17/2022,150.72
11/18/2022,151.29
11/21/2022,148.01
11/22/2022,150.18
11/23/2022,151.07
11/25/2022,148.11
11/28/2022,144.22
11/29/2022,141.17
11/30/2022,148.03
12/1/2022,148.31
12/2/2022,147.81
12/5/2022,146.63
12/6/2022,142.91
12/7/2022,140.94
12/8/2022,142.65
12/9/2022,142.16
12/12/2022,144.49
12/13/2022,145.47
12/14/2022,143.21
12/15/2022,136.5
12/16/2022,134.51
12/19/2022,132.37
12/20/2022,132.3
12/21/2022,135.45
12/22/2022,132.23
12/23/2022,131.86
12/27/2022,130.03
12/28/2022,126.04
12/29/2022,129.61
12/30/2022,129.93
1/3/2023,125.07
1/4/2023,126.36
1/5/2023,125.02
1/6/2023,129.62
1/9/2023,130.15
1/10/2023,130.73
1/11/2023,133.49
1/12/2023,133.41
1/13/2023,134.76
1/17/2023,135.94
1/18/2023,135.21
1/19/2023,135.27
1/20/2023,137.87
1/23/2023,141.11
1/24/2023,142.53
1/25/2023,141.86
1/26/2023,143.96
1/27/2023,145.93
1/30/2023,143
1/31/2023,144.29
2/1/2023,145.43
2/2/2023,150.82
2/3/2023,154.5
2/6/2023,151.73
2/7/2023,154.65
2/8/2023,151.92
2/9/2023,150.87
2/10/2023,151.01
2/13/2023,153.85
2/14/2023,153.2
2/15/2023,155.33
2/16/2023,153.71
2/17/2023,152.55
2/21/2023,148.48
2/22/2023,148.91
2/23/2023,149.4
2/24/2023,146.71
2/27/2023,147.92
2/28/2023,147.41
3/1/2023,145.31
3/2/2023,145.91
3/3/2023,151.03
3/6/2023,153.83
3/7/2023,151.6
3/8/2023,152.87
3/9/2023,150.59
3/10/2023,148.5
3/13/2023,150.47
3/14/2023,152.59
3/15/2023,152.99
3/16/2023,155.85
3/17/2023,155
3/20/2023,157.4
3/21/2023,159.28
3/22/2023,157.83
3/23/2023,158.93
3/24/2023,160.25
3/27/2023,158.28
3/28/2023,157.65
3/29/2023,160.77
3/30/2023,162.36
3/31/2023,164.9
4/3/2023,166.17
4/4/2023,165.63
4/5/2023,163.76
4/6/2023,164.66
4/10/2023,162.03
4/11/2023,160.8
4/12/2023,160.1
4/13/2023,165.56
4/14/2023,165.21
4/17/2023,165.23
4/18/2023,166.47
4/19/2023,167.63
4/20/2023,166.65
4/21/2023,165.02
4/24/2023,165.33
4/25/2023,163.77
4/26/2023,163.76
4/27/2023,168.41
4/28/2023,169.68
5/1/2023,169.59
5/2/2023,168.54
5/3/2023,167.45
5/4/2023,165.79
5/5/2023,173.57
5/8/2023,173.5
5/9/2023,171.77
5/10/2023,173.55
5/11/2023,173.75
5/12/2023,172.57
5/15/2023,172.07
5/16/2023,172.07
5/17/2023,172.69
5/18/2023,175.05
5/19/2023,175.16
5/22/2023,174.2
5/23/2023,171.56
5/24/2023,171.84
5/25/2023,172.99
5/26/2023,175.43
5/30/2023,177.3
5/31/2023,177.25
6/1/2023,180.09
6/2/2023,180.95
6/5/2023,179.58
6/6/2023,179.21
6/7/2023,177.82
6/8/2023,180.57
6/9/2023,180.96
6/12/2023,183.79
6/13/2023,183.31
6/14/2023,183.95
6/15/2023,186.01
6/16/2023,184.92
6/20/2023,185.01
6/21/2023,183.96
6/22/2023,187
6/23/2023,186.68
6/26/2023,185.27
6/27/2023,188.06
6/28/2023,189.25
6/29/2023,189.59
6/30/2023,193.97
7/3/2023,192.46
7/5/2023,191.33
7/6/2023,191.81
7/7/2023,190.68
7/10/2023,188.61
7/11/2023,188.08
7/12/2023,189.77
7/13/2023,190.54
7/14/2023,190.69
7/17/2023,193.99
7/18/2023,193.73
7/19/2023,195.1
7/20/2023,193.13
7/21/2023,191.94
7/24/2023,192.75
7/25/2023,193.62
7/26/2023,194.5
7/27/2023,193.22
7/28/2023,195.83
7/31/2023,196.45
8/1/2023,195.6
8/2/2023,192.58
8/3/2023,191.17
8/4/2023,181.99
8/7/2023,178.85
8/8/2023,179.8
8/9/2023,178.19
8/10/2023,177.97
8/11/2023,177.79
8/14/2023,179.46
8/15/2023,177.45
8/16/2023,176.57
8/17/2023,174
8/18/2023,174.49
8/21/2023,175.84
8/22/2023,177.23
8/23/2023,181.12
8/24/2023,176.38
8/25/2023,178.61
8/28/2023,180.19
8/29/2023,184.12
8/30/2023,187.65
8/31/2023,187.87
9/1/2023,189.46
9/5/2023,189.7
9/6/2023,182.91
9/7/2023,177.56
9/8/2023,178.18
9/11/2023,179.36
9/12/2023,176.3
9/13/2023,174.21
9/14/2023,175.74
9/15/2023,175.01
9/18/2023,177.97
9/19/2023,179.07
9/20/2023,175.49
9/21/2023,173.93
9/22/2023,174.79
9/25/2023,176.08
9/26/2023,171.96
9/27/2023,170.43
9/28/2023,170.69
9/29/2023,171.21
10/2/2023,173.75
10/3/2023,172.4
10/4/2023,173.66
10/5/2023,174.91
10/6/2023,177.49
10/9/2023,178.99
10/10/2023,178.39
10/11/2023,179.8
10/12/2023,180.71
10/13/2023,178.85
10/16/2023,178.72
10/17/2023,177.15
10/18/2023,175.84
10/19/2023,175.46
10/20/2023,172.88
10/23/2023,173
10/24/2023,173.44
10/25/2023,171.1
10/26/2023,166.89
10/27/2023,168.22
10/30/2023,170.29
10/31/2023,170.77
11/1/2023,173.97
11/2/2023,177.57
11/3/2023,176.65
11/6/2023,179.23
11/7/2023,181.82
11/8/2023,182.89
11/9/2023,182.41
11/10/2023,186.4
11/13/2023,184.8
11/14/2023,187.44
11/15/2023,188.01
11/16/2023,189.71
11/17/2023,189.69
11/20/2023,191.45
11/21/2023,190.64
11/22/2023,191.31
11/24/2023,189.97
11/27/2023,189.79
11/28/2023,190.4
11/29/2023,189.37
11/30/2023,189.95
12/1/2023,191.24
12/4/2023,189.43
12/5/2023,193.42
12/6/2023,192.32
12/7/2023,194.27
12/8/2023,195.69
