Date,Price,Open,High,Low,Vol.,Change %
1/2/2018,43.06,42.54,43.08,42.31,102.22M,1.77%
1/3/2018,43.06,43.13,43.64,42.99,118.07M,0.00%
1/4/2018,43.26,43.13,43.37,43.02,89.74M,0.46%
1/5/2018,43.75,43.36,43.84,43.26,94.64M,1.13%
1/8/2018,43.59,43.59,43.9,43.48,82.27M,-0.37%
1/9/2018,43.58,43.64,43.77,43.35,86.34M,-0.02%
1/10/2018,43.57,43.29,43.58,43.25,95.84M,-0.02%
1/11/2018,43.82,43.65,43.87,43.62,74.67M,0.57%
1/12/2018,44.27,44.05,44.34,43.91,101.67M,1.03%
1/16/2018,44.05,44.48,44.85,44.03,118.26M,-0.50%
1/17/2018,44.77,44.04,44.81,43.77,137.55M,1.63%
1/18/2018,44.81,44.84,45.02,44.56,124.77M,0.09%
1/19/2018,44.62,44.65,44.9,44.35,129.70M,-0.42%
1/22/2018,44.25,44.33,44.45,44.15,108.43M,-0.83%
1/23/2018,44.26,44.33,44.86,44.2,130.76M,0.02%
1/24/2018,43.55,44.31,44.33,43.3,204.42M,-1.60%
1/25/2018,42.78,43.63,43.74,42.63,166.12M,-1.77%
1/26/2018,42.88,43,43,42.52,156.57M,0.23%
1/29/2018,41.99,42.54,42.54,41.77,202.56M,-2.08%
1/30/2018,41.74,41.38,41.84,41.17,184.19M,-0.60%
1/31/2018,41.86,41.72,42.11,41.62,129.92M,0.29%
2/1/2018,41.95,41.79,42.16,41.69,188.92M,0.22%
2/2/2018,40.12,41.5,41.7,40.02,346.38M,-4.36%
2/5/2018,39.12,39.77,40.97,39,290.95M,-2.49%
2/6/2018,40.76,38.71,40.93,38.5,272.98M,4.19%
2/7/2018,39.88,40.77,40.85,39.77,206.43M,-2.16%
2/8/2018,38.79,40.07,40.25,38.76,217.56M,-2.73%
2/9/2018,39.1,39.27,39.47,37.56,282.69M,0.80%
2/12/2018,40.68,39.62,40.97,39.38,243.28M,4.04%
2/13/2018,41.09,40.49,41.19,40.41,130.20M,1.01%
2/14/2018,41.84,40.76,41.88,40.72,162.58M,1.83%
2/15/2018,43.25,42.45,43.27,42.25,204.59M,3.37%
2/16/2018,43.11,43.09,43.7,42.94,160.70M,-0.32%
2/20/2018,42.96,43.01,43.56,42.85,135.72M,-0.35%
2/21/2018,42.77,43.21,43.53,42.75,149.89M,-0.44%
2/22/2018,43.12,42.95,43.49,42.93,123.97M,0.82%
2/23/2018,43.88,43.42,43.91,43.38,135.25M,1.76%
2/26/2018,44.74,44.09,44.85,44.05,152.65M,1.96%
2/27/2018,44.6,44.77,45.12,44.54,155.71M,-0.31%
2/28/2018,44.53,44.81,45.15,44.51,151.13M,-0.16%
3/1/2018,43.75,44.63,44.94,43.16,195.21M,-1.75%
3/2/2018,44.05,43.2,44.08,43.11,153.82M,0.69%
3/5/2018,44.2,43.8,44.44,43.63,113.61M,0.34%
3/6/2018,44.17,44.48,44.56,44.03,95.15M,-0.07%
3/7/2018,43.76,43.73,43.96,43.57,126.81M,-0.93%
3/8/2018,44.23,43.87,44.28,43.77,95.10M,1.07%
3/9/2018,44.99,44.49,45,44.35,128.74M,1.72%
3/12/2018,45.43,45.07,45.6,45.05,128.83M,0.98%
3/13/2018,44.99,45.65,45.88,44.81,126.77M,-0.97%
3/14/2018,44.61,45.08,45.13,44.45,117.47M,-0.84%
3/15/2018,44.66,44.62,45.06,44.52,90.98M,0.11%
3/16/2018,44.51,44.66,44.78,44.41,157.62M,-0.34%
3/19/2018,43.83,44.33,44.37,43.41,133.79M,-1.53%
3/20/2018,43.81,43.81,44.2,43.73,78.60M,-0.05%
3/21/2018,42.82,43.76,43.77,42.81,148.22M,-2.26%
3/22/2018,42.21,42.5,43.17,42.15,165.96M,-1.42%
3/23/2018,41.23,42.1,42.48,41.23,164.12M,-2.32%
3/26/2018,43.19,42.02,43.27,41.61,150.16M,4.75%
3/27/2018,42.09,43.42,43.79,41.73,163.69M,-2.55%
3/28/2018,41.62,41.81,42.51,41.3,166.67M,-1.12%
3/29/2018,41.95,41.95,42.94,41.73,153.59M,0.79%
4/2/2018,41.67,41.97,42.23,41.12,150.35M,-0.67%
4/3/2018,42.1,41.91,42.19,41.22,121.11M,1.03%
4/4/2018,42.9,41.22,43,41.19,138.42M,1.90%
4/5/2018,43.2,43.15,43.56,43.02,107.73M,0.70%
4/6/2018,42.09,42.74,43.12,42.05,140.02M,-2.57%
4/9/2018,42.51,42.47,43.27,42.46,116.07M,1.00%
4/10/2018,43.31,43.25,43.5,42.88,114.46M,1.88%
4/11/2018,43.11,43.06,43.48,42.92,89.73M,-0.46%
4/12/2018,43.53,43.35,43.75,43.26,91.56M,0.97%
4/13/2018,43.68,43.7,43.96,43.46,100.50M,0.34%
4/16/2018,43.95,43.76,44.05,43.71,86.31M,0.62%
4/17/2018,44.56,44.12,44.73,44.1,106.42M,1.39%
4/18/2018,44.46,44.45,44.7,44.22,83.02M,-0.22%
4/19/2018,43.2,43.74,43.85,43.16,139.24M,-2.83%
4/20/2018,41.43,42.65,42.8,41.36,261.96M,-4.10%
4/23/2018,41.31,41.71,41.73,41.02,146.06M,-0.29%
4/24/2018,40.73,41.42,41.58,40.31,134.77M,-1.40%
4/25/2018,40.91,40.66,41.35,40.6,113.53M,0.44%
4/26/2018,41.05,41.03,41.43,40.84,111.85M,0.34%
4/27/2018,40.58,41,41.08,40.16,142.62M,-1.14%
4/30/2018,41.31,40.53,41.81,40.46,169.71M,1.80%
5/1/2018,42.27,41.6,42.3,41.32,214.28M,2.32%
5/2/2018,44.14,43.81,44.44,43.45,266.16M,4.42%
5/3/2018,44.22,43.97,44.38,43.61,136.27M,0.18%
5/4/2018,45.96,44.56,46.06,44.54,224.81M,3.93%
5/7/2018,46.29,46.3,46.92,46.19,169.81M,0.72%
5/8/2018,46.51,46.25,46.55,45.92,113.61M,0.48%
5/9/2018,46.84,46.64,46.85,46.3,92.84M,0.71%
5/10/2018,47.51,46.94,47.59,46.91,111.96M,1.43%
5/11/2018,47.15,47.37,47.52,46.86,104.85M,-0.76%
5/14/2018,47.04,47.25,47.38,46.97,83.12M,-0.23%
5/15/2018,46.61,46.7,46.77,46.27,94.78M,-0.91%
5/16/2018,47.05,46.52,47.12,46.5,76.73M,0.94%
5/17/2018,46.75,47,47.23,46.59,69.18M,-0.64%
5/18/2018,46.58,46.8,46.95,46.53,73.19M,-0.36%
5/21/2018,46.91,47,47.32,46.73,73.60M,0.71%
5/22/2018,46.79,47.09,47.22,46.7,60.96M,-0.26%
5/23/2018,47.09,46.59,47.12,46.44,80.23M,0.64%
5/24/2018,47.04,47.19,47.21,46.55,92.94M,-0.11%
5/25/2018,47.15,47.06,47.41,46.91,69.84M,0.23%
5/29/2018,46.98,46.9,47.19,46.72,90.06M,-0.36%
5/30/2018,46.88,46.93,47,46.7,74.76M,-0.21%
5/31/2018,46.72,46.8,47.06,46.53,109.93M,-0.34%
6/1/2018,47.56,47,47.56,46.94,93.77M,1.80%
6/4/2018,47.96,47.91,48.35,47.84,105.06M,0.84%
6/5/2018,48.33,48.27,48.48,48.09,86.26M,0.77%
6/6/2018,48.49,48.41,48.52,47.98,83.73M,0.33%
6/7/2018,48.37,48.53,48.55,48.08,85.39M,-0.25%
6/8/2018,47.92,47.79,48,47.44,106.63M,-0.93%
6/11/2018,47.81,47.84,47.99,47.55,73.23M,-0.23%
6/12/2018,48.07,47.85,48.15,47.79,67.64M,0.54%
6/13/2018,47.67,48.1,48.22,47.61,86.55M,-0.83%
6/14/2018,47.7,47.89,47.89,47.55,86.44M,0.06%
6/15/2018,47.21,47.51,47.54,47.06,246.88M,-1.03%
6/18/2018,47.19,46.97,47.3,46.8,73.94M,-0.04%
6/19/2018,46.42,46.28,46.58,45.86,134.31M,-1.63%
6/20/2018,46.62,46.59,46.8,46.43,82.51M,0.43%
6/21/2018,46.37,46.81,47.09,46.23,102.85M,-0.54%
6/22/2018,46.23,46.53,46.54,46.17,108.80M,-0.30%
6/25/2018,45.54,45.85,46.23,45.18,126.65M,-1.49%
6/26/2018,46.11,45.75,46.63,45.63,98.28M,1.25%
6/27/2018,46.04,46.31,46.82,46.01,101.14M,-0.15%
6/28/2018,46.38,46.02,46.55,45.95,69.46M,0.74%
6/29/2018,46.28,46.57,46.8,45.73,90.95M,-0.22%
7/2/2018,46.8,45.95,46.83,45.85,70.93M,1.12%
7/3/2018,45.98,46.95,46.99,45.88,55.82M,-1.75%
7/5/2018,46.35,46.31,46.6,46.07,66.42M,0.80%
7/6/2018,46.99,46.35,47.11,46.3,69.94M,1.38%
7/9/2018,47.65,47.38,47.67,47.33,79.03M,1.40%
7/10/2018,47.59,47.68,47.82,47.55,63.76M,-0.13%
7/11/2018,46.97,47.12,47.44,46.9,75.33M,-1.30%
7/12/2018,47.76,47.38,47.85,47.33,72.16M,1.68%
7/13/2018,47.83,47.77,47.96,47.73,50.08M,0.15%
7/16/2018,47.73,47.88,48.16,47.6,60.17M,-0.21%
7/17/2018,47.86,47.44,47.97,47.3,62.14M,0.27%
7/18/2018,47.6,47.95,47.95,47.48,65.57M,-0.54%
7/19/2018,47.97,47.42,48.14,47.42,81.15M,0.78%
7/20/2018,47.86,47.95,48.11,47.54,82.82M,-0.23%
7/23/2018,47.9,47.67,47.99,47.39,63.96M,0.08%
7/24/2018,48.25,48.11,48.42,48.01,74.79M,0.73%
7/25/2018,48.7,48.27,48.71,48.11,67.31M,0.93%
7/26/2018,48.55,48.65,48.99,48.4,76.30M,-0.31%
7/27/2018,47.74,48.75,48.8,47.52,96.10M,-1.67%
7/30/2018,47.48,47.98,48.05,47.27,84.12M,-0.54%
7/31/2018,47.57,47.58,48.03,47.34,157.49M,0.19%
8/1/2018,50.38,49.78,50.44,49.33,271.74M,5.91%
8/2/2018,51.85,50.15,52.09,50.09,249.62M,2.92%
8/3/2018,52,51.76,52.19,51.37,133.79M,0.29%
8/6/2018,52.27,52,52.31,51.77,101.70M,0.52%
8/7/2018,51.78,52.33,52.38,51.69,102.35M,-0.94%
8/8/2018,51.81,51.51,51.95,51.13,90.10M,0.06%
8/9/2018,52.22,51.82,52.45,51.8,93.97M,0.79%
8/10/2018,51.88,51.84,52.27,51.67,98.44M,-0.65%
8/13/2018,52.22,51.92,52.74,51.92,103.56M,0.66%
8/14/2018,52.44,52.54,52.64,52.06,82.99M,0.42%
8/15/2018,52.56,52.3,52.69,52.08,115.23M,0.23%
8/16/2018,53.33,52.94,53.45,52.87,114.00M,1.46%
8/17/2018,54.4,53.36,54.49,53.29,141.71M,2.01%
8/20/2018,53.87,54.52,54.8,53.78,121.15M,-0.97%
8/21/2018,53.76,54.2,54.3,53.51,104.64M,-0.20%
8/22/2018,53.76,53.52,54.09,53.46,76.07M,0.00%
8/23/2018,53.87,53.66,54.26,53.65,75.53M,0.20%
8/24/2018,54.04,54.15,54.23,53.78,73.91M,0.32%
8/27/2018,54.48,54.29,54.69,54.08,82.10M,0.81%
8/28/2018,54.92,54.75,55.13,54.73,91.11M,0.81%
8/29/2018,55.74,55.04,55.87,54.85,109.02M,1.49%
8/30/2018,56.26,55.81,57.06,55.6,195.18M,0.93%
8/31/2018,56.91,56.63,57.22,56.5,173.36M,1.16%
9/4/2018,57.09,57.1,57.3,56.66,109.56M,0.32%
9/5/2018,56.72,57.25,57.42,56.27,133.33M,-0.65%
9/6/2018,55.77,56.56,56.84,55.33,137.16M,-1.67%
9/7/2018,55.33,55.46,56.34,55.18,150.48M,-0.79%
9/10/2018,54.58,55.24,55.46,54.12,158.07M,-1.36%
9/11/2018,55.96,54.5,56.07,54.14,143.00M,2.53%
9/12/2018,55.27,56.23,56.25,54.96,197.11M,-1.23%
9/13/2018,56.6,55.88,57.09,55.64,166.83M,2.41%
9/14/2018,55.96,56.44,56.71,55.63,128.00M,-1.13%
9/17/2018,54.47,55.54,55.74,54.32,148.78M,-2.66%
9/18/2018,54.56,54.45,55.46,54.28,126.29M,0.17%
9/19/2018,54.59,54.62,54.91,53.83,108.50M,0.05%
9/20/2018,55.01,55.06,55.57,54.79,106.44M,0.77%
9/21/2018,54.41,55.2,55.34,54.32,384.99M,-1.09%
9/24/2018,55.2,54.2,55.31,54.16,110.77M,1.45%
9/25/2018,55.55,54.94,55.7,54.92,98.22M,0.63%
9/26/2018,55.1,55.25,55.94,54.94,95.94M,-0.81%
9/27/2018,56.24,55.95,56.61,55.88,120.72M,2.07%
9/28/2018,56.44,56.2,56.46,56.01,91.72M,0.36%
10/1/2018,56.81,56.99,57.35,56.59,94.40M,0.66%
10/2/2018,57.32,56.81,57.5,56.66,99.15M,0.90%
10/3/2018,58.02,57.51,58.37,57.45,114.62M,1.22%
10/4/2018,57,57.7,58.09,56.68,128.17M,-1.76%
10/5/2018,56.07,56.99,57.1,55.15,134.32M,-1.63%
10/8/2018,55.94,55.55,56.2,55.05,118.66M,-0.23%
10/9/2018,56.72,55.91,56.82,55.56,107.56M,1.39%
10/10/2018,54.09,56.37,56.59,54.01,167.96M,-4.64%
10/11/2018,53.61,53.63,54.88,53.08,212.50M,-0.89%
10/12/2018,55.53,55.1,55.72,54.21,161.35M,3.58%
10/15/2018,54.34,55.29,55.46,54.32,123.16M,-2.14%
10/16/2018,55.54,54.73,55.75,54.19,116.74M,2.21%
10/17/2018,55.3,55.58,55.66,54.84,91.54M,-0.43%
10/18/2018,54.01,54.47,54.94,53.25,130.33M,-2.33%
10/19/2018,54.83,54.52,55.31,54.36,132.31M,1.52%
10/22/2018,55.16,54.95,55.84,54.73,115.17M,0.60%
10/23/2018,55.68,53.96,55.81,53.67,155.07M,0.94%
10/24/2018,53.77,55.65,56.06,53.63,163.70M,-3.43%
10/25/2018,54.95,54.43,55.34,54.19,119.42M,2.19%
10/26/2018,54.08,53.98,55.05,53.17,189.03M,-1.58%
10/29/2018,53.06,54.8,54.92,51.52,183.74M,-1.89%
10/30/2018,53.33,52.79,53.8,52.32,146.64M,0.51%
10/31/2018,54.72,54.22,55.11,54.16,153.44M,2.61%
11/1/2018,55.55,54.76,55.59,54.2,233.29M,1.52%
11/2/2018,51.87,52.39,53.41,51.36,365.31M,-6.62%
11/5/2018,50.4,51.08,51.1,49.54,264.65M,-2.83%
11/6/2018,50.94,50.48,51.18,50.42,127.53M,1.07%
11/7/2018,52.49,51.49,52.52,51.03,133.70M,3.04%
11/8/2018,52.12,52.49,52.53,51.69,101.45M,-0.70%
11/9/2018,51.12,51.39,51.5,50.56,137.46M,-1.92%
11/12/2018,48.54,49.75,49.96,48.45,204.54M,-5.05%
11/13/2018,48.06,47.91,49.3,47.86,187.53M,-0.99%
11/14/2018,46.7,48.48,48.62,46.48,243.20M,-2.83%
11/15/2018,47.85,47.1,47.99,46.73,185.92M,2.46%
11/16/2018,48.38,47.62,48.74,47.37,147.71M,1.11%
11/19/2018,46.47,47.5,47.67,46.25,167.68M,-3.95%
11/20/2018,44.24,44.59,45.37,43.88,271.30M,-4.80%
11/21/2018,44.2,44.93,45.07,44.14,124.50M,-0.09%
11/23/2018,43.07,43.73,44.15,43.02,94.50M,-2.56%
11/26/2018,43.66,43.56,43.74,42.56,179.99M,1.37%
11/27/2018,43.56,42.88,43.69,42.72,165.55M,-0.23%
11/28/2018,45.23,44.18,45.32,43.73,184.25M,3.83%
11/29/2018,44.89,45.66,45.7,44.42,167.08M,-0.75%
11/30/2018,44.65,45.07,45.08,44.26,158.13M,-0.53%
12/3/2018,46.2,46.12,46.23,45.3,163.19M,3.47%
12/4/2018,44.17,45.24,45.6,44.07,165.38M,-4.39%
12/6/2018,43.68,42.94,43.7,42.6,172.39M,-1.11%
12/7/2018,42.12,43.37,43.62,42.08,169.13M,-3.57%
12/10/2018,42.4,41.25,42.52,40.83,248.10M,0.66%
12/11/2018,42.16,42.91,42.95,41.75,189.13M,-0.57%
12/12/2018,42.27,42.6,42.98,42.26,142.51M,0.26%
12/13/2018,42.74,42.62,43.14,42.39,127.59M,1.11%
12/14/2018,41.37,42.25,42.27,41.32,162.81M,-3.21%
12/17/2018,40.98,41.36,42.09,40.68,177.15M,-0.94%
12/18/2018,41.52,41.34,41.88,41.1,135.37M,1.32%
12/19/2018,40.22,41.5,41.86,39.77,196.19M,-3.13%
12/20/2018,39.21,40.1,40.53,38.83,259.09M,-2.51%
12/21/2018,37.68,39.22,39.54,37.41,382.98M,-3.90%
12/24/2018,36.71,37.04,37.89,36.65,148.68M,-2.57%
12/26/2018,39.29,37.08,39.31,36.68,234.33M,7.03%
12/27/2018,39.04,38.96,39.19,37.52,212.47M,-0.64%
12/28/2018,39.06,39.38,39.63,38.64,169.17M,0.05%
12/31/2018,39.44,39.63,39.84,39.12,140.01M,0.97%
1/2/2019,39.48,38.72,39.71,38.56,148.16M,0.10%
1/3/2019,35.55,35.99,36.43,35.5,365.25M,-9.95%
1/4/2019,37.06,36.13,37.14,35.95,234.43M,4.25%
1/7/2019,36.98,37.17,37.21,36.48,219.11M,-0.22%
1/8/2019,37.69,37.39,37.95,37.13,164.10M,1.92%
1/9/2019,38.33,37.82,38.63,37.41,180.40M,1.70%
1/10/2019,38.45,38.12,38.49,37.72,143.12M,0.31%
1/11/2019,38.07,38.22,38.42,37.88,108.09M,-0.99%
1/14/2019,37.5,37.71,37.82,37.3,129.76M,-1.50%
1/15/2019,38.27,37.57,38.35,37.51,114.84M,2.05%
1/16/2019,38.73,38.27,38.97,38.25,122.28M,1.20%
1/17/2019,38.97,38.55,39.41,38.31,119.28M,0.62%
1/18/2019,39.2,39.38,39.47,39,135.00M,0.59%
1/22/2019,38.33,39.1,39.18,38.16,121.58M,-2.22%
1/23/2019,38.48,38.54,38.78,37.92,92.52M,0.39%
1/24/2019,38.17,38.53,38.62,37.94,101.77M,-0.81%
1/25/2019,39.44,38.87,39.53,38.58,134.19M,3.33%
1/28/2019,39.08,38.95,39.08,38.41,104.77M,-0.91%
1/29/2019,38.67,39.06,39.53,38.53,166.35M,-1.05%
1/30/2019,41.31,40.81,41.54,40.06,244.44M,6.83%
1/31/2019,41.61,41.53,42.25,41.14,162.96M,0.73%
2/1/2019,41.63,41.74,42.24,41.48,130.67M,0.05%
2/4/2019,42.81,41.85,42.91,41.82,125.98M,2.83%
2/5/2019,43.55,43.22,43.77,43.09,144.41M,1.73%
2/6/2019,43.56,43.66,43.89,43.21,112.96M,0.02%
2/7/2019,42.73,43.1,43.48,42.59,126.97M,-1.91%
2/8/2019,42.6,42.25,42.66,42.1,95.28M,-0.30%
2/11/2019,42.36,42.76,42.8,42.31,83.97M,-0.56%
2/12/2019,42.72,42.52,42.75,42.42,89.13M,0.85%
2/13/2019,42.55,42.85,43.12,42.48,89.96M,-0.40%
2/14/2019,42.7,42.43,42.82,42.34,87.34M,0.35%
2/15/2019,42.6,42.81,42.92,42.44,98.51M,-0.23%
2/19/2019,42.73,42.43,42.86,42.37,75.89M,0.31%
2/20/2019,43.01,42.8,43.33,42.75,104.46M,0.66%
2/21/2019,42.77,42.95,43.09,42.58,69.00M,-0.56%
2/22/2019,43.24,42.9,43.25,42.84,75.65M,1.10%
2/25/2019,43.56,43.54,43.97,43.49,87.49M,0.74%
2/26/2019,43.58,43.43,43.83,43.29,68.28M,0.05%
2/27/2019,43.72,43.3,43.75,43.18,111.34M,0.32%
2/28/2019,43.29,43.58,43.73,43.23,112.86M,-0.98%
3/1/2019,43.74,43.57,43.79,43.22,103.54M,1.04%
3/4/2019,43.96,43.92,44.44,43.49,109.74M,0.50%
3/5/2019,43.88,43.98,44,43.63,78.95M,-0.18%
3/6/2019,43.63,43.67,43.87,43.48,83.24M,-0.57%
3/7/2019,43.12,43.47,43.61,43.01,99.19M,-1.17%
3/8/2019,43.23,42.58,43.27,42.38,96.00M,0.26%
3/11/2019,44.73,43.87,44.78,43.84,128.04M,3.47%
3/12/2019,45.23,45,45.67,44.84,129.87M,1.12%
3/13/2019,45.43,45.56,45.83,45.23,124.13M,0.44%
3/14/2019,45.93,45.98,46.02,45.64,94.32M,1.10%
3/15/2019,46.53,46.21,46.83,45.94,156.17M,1.31%
3/18/2019,47.01,46.45,47.1,46.45,104.88M,1.03%
3/19/2019,46.63,47.09,47.25,46.48,126.59M,-0.81%
3/20/2019,47.04,46.56,47.37,46.18,124.14M,0.88%
3/21/2019,48.77,47.51,49.08,47.45,204.14M,3.68%
3/22/2019,47.76,48.84,49.42,47.7,169.63M,-2.07%
3/25/2019,47.19,47.88,47.99,46.65,175.38M,-1.19%
3/26/2019,46.7,47.92,48.22,46.15,199.20M,-1.04%
3/27/2019,47.12,47.19,47.44,46.64,119.39M,0.90%
3/28/2019,47.18,47.24,47.39,46.88,83.12M,0.13%
3/29/2019,47.49,47.46,47.52,47.13,94.26M,0.66%
4/1/2019,47.81,47.91,47.92,47.09,111.45M,0.67%
4/2/2019,48.51,47.77,48.62,47.76,91.06M,1.46%
4/3/2019,48.84,48.31,49.12,48.29,93.09M,0.68%
4/4/2019,48.92,48.7,49.09,48.28,76.46M,0.16%
4/5/2019,49.25,49.11,49.27,48.98,74.11M,0.67%
4/8/2019,50.02,49.1,50.06,49.09,103.53M,1.56%
4/9/2019,49.88,50.08,50.71,49.81,143.07M,-0.28%
4/10/2019,50.16,49.67,50.19,49.55,86.78M,0.56%
4/11/2019,49.74,50.21,50.25,49.61,83.60M,-0.84%
4/12/2019,49.72,49.8,50.03,49.05,111.04M,-0.04%
4/15/2019,49.81,49.65,49.96,49.5,70.15M,0.18%
4/16/2019,49.81,49.87,50.34,49.64,102.79M,0.00%
4/17/2019,50.78,49.88,50.84,49.65,115.63M,1.95%
4/18/2019,50.97,50.78,51.04,50.63,96.78M,0.37%
4/22/2019,51.13,50.71,51.23,50.59,77.76M,0.31%
4/23/2019,51.87,51.11,51.94,50.98,93.29M,1.45%
4/24/2019,51.79,51.84,52.12,51.76,70.16M,-0.15%
4/25/2019,51.32,51.71,51.94,51.28,74.17M,-0.91%
4/26/2019,51.08,51.23,51.25,50.53,74.60M,-0.47%
4/29/2019,51.15,51.1,51.49,50.97,88.82M,0.14%
4/30/2019,50.17,50.77,50.85,49.78,186.14M,-1.92%
5/1/2019,52.63,52.47,53.83,52.31,259.31M,4.90%
5/2/2019,52.29,52.46,53.16,52.03,127.99M,-0.65%
5/3/2019,52.94,52.72,52.96,52.56,83.57M,1.24%
5/6/2019,52.12,51.07,52.21,50.88,129.77M,-1.55%
5/7/2019,50.72,51.47,51.85,50.21,155.05M,-2.69%
5/8/2019,50.73,50.48,51.34,50.44,105.36M,0.02%
5/9/2019,50.18,50.1,50.42,49.16,139.63M,-1.08%
5/10/2019,49.3,49.35,49.71,48.19,164.83M,-1.75%
5/13/2019,46.43,46.93,47.37,45.71,229.72M,-5.82%
5/14/2019,47.16,46.6,47.42,46.35,146.12M,1.57%
5/15/2019,47.73,46.57,47.94,46.51,106.18M,1.21%
5/16/2019,47.52,47.48,48.12,47.21,132.13M,-0.44%
5/17/2019,47.25,46.73,47.73,46.69,131.52M,-0.57%
5/20/2019,45.77,45.88,46.09,45.07,154.45M,-3.13%
5/21/2019,46.65,46.3,47,46.17,113.46M,1.92%
5/22/2019,45.7,46.16,46.43,45.64,118.99M,-2.04%
5/23/2019,44.91,44.95,45.13,44.45,146.12M,-1.73%
5/24/2019,44.74,45.05,45.53,44.66,94.86M,-0.38%
5/28/2019,44.56,44.73,45.15,44.48,111.79M,-0.40%
5/29/2019,44.34,44.1,44.84,44,113.92M,-0.49%
5/30/2019,44.58,44.49,44.81,44.17,84.87M,0.54%
5/31/2019,43.77,44.06,44.5,43.75,108.17M,-1.82%
6/3/2019,43.33,43.9,44.48,42.57,161.58M,-1.01%
6/4/2019,44.91,43.86,44.96,43.63,123.87M,3.65%
6/5/2019,45.63,46.07,46.25,45.28,119.09M,1.60%
6/6/2019,46.3,45.77,46.37,45.54,90.11M,1.47%
6/7/2019,47.54,46.63,47.98,46.44,122.74M,2.68%
6/10/2019,48.15,47.95,48.84,47.91,104.88M,1.28%
6/11/2019,48.7,48.72,49,48.4,107.73M,1.14%
6/12/2019,48.55,48.49,48.99,48.35,73.01M,-0.31%
6/13/2019,48.54,48.67,49.2,48.4,86.70M,-0.02%
6/14/2019,48.19,47.89,48.4,47.58,75.05M,-0.72%
6/17/2019,48.47,48.23,48.74,48.04,58.68M,0.58%
6/18/2019,49.61,49.01,50.07,48.8,106.20M,2.35%
6/19/2019,49.47,49.92,49.97,49.33,84.50M,-0.28%
6/20/2019,49.87,50.09,50.15,49.51,86.06M,0.81%
6/21/2019,49.7,49.7,50.21,49.54,191.20M,-0.34%
6/24/2019,49.65,49.63,50.04,49.54,72.88M,-0.10%
6/25/2019,48.89,49.61,49.81,48.82,84.28M,-1.53%
6/26/2019,49.95,49.44,50.25,49.34,104.27M,2.17%
6/27/2019,49.94,50.07,50.39,49.89,83.60M,-0.02%
6/28/2019,49.48,49.67,49.87,49.26,124.44M,-0.92%
7/1/2019,50.39,50.79,51.12,50.16,109.27M,1.84%
7/2/2019,50.68,50.35,50.78,50.34,67.74M,0.58%
7/3/2019,51.1,50.82,51.11,50.67,45.45M,0.83%
7/5/2019,51.06,50.84,51.27,50.73,69.06M,-0.08%
7/8/2019,50.01,50.2,50.35,49.6,101.35M,-2.06%
7/9/2019,50.31,49.8,50.38,49.7,82.31M,0.60%
7/10/2019,50.81,50.46,50.93,50.39,71.59M,0.99%
7/11/2019,50.44,50.83,51.1,50.43,80.77M,-0.73%
7/12/2019,50.83,50.61,51,50.55,70.38M,0.77%
7/15/2019,51.3,51.02,51.47,51,67.79M,0.92%
7/16/2019,51.12,51.15,51.53,50.88,67.47M,-0.35%
7/17/2019,50.84,51.01,51.27,50.82,56.43M,-0.55%
7/18/2019,51.41,51,51.47,50.92,74.33M,1.12%
7/19/2019,50.65,51.45,51.62,50.59,83.72M,-1.48%
7/22/2019,51.8,50.91,51.81,50.9,89.11M,2.27%
7/23/2019,52.21,52.12,52.23,51.82,73.42M,0.79%
7/24/2019,52.17,51.92,52.29,51.79,59.97M,-0.08%
7/25/2019,51.76,52.22,52.31,51.68,55.64M,-0.79%
7/26/2019,51.94,51.87,52.43,51.78,70.48M,0.35%
7/29/2019,52.42,52.12,52.66,52.11,86.69M,0.92%
7/30/2019,52.2,52.19,52.54,51.83,135.74M,-0.42%
7/31/2019,53.26,54.1,55.34,52.83,277.13M,2.03%
8/1/2019,52.11,53.48,54.51,51.69,216.07M,-2.16%
8/2/2019,51.01,51.38,51.61,50.41,163.45M,-2.11%
8/5/2019,48.34,49.5,49.66,48.15,209.57M,-5.23%
8/6/2019,49.25,49.08,49.52,48.51,143.30M,1.88%
8/7/2019,49.76,48.85,49.89,48.45,133.46M,1.04%
8/8/2019,50.86,50.05,50.88,49.85,108.04M,2.21%
8/9/2019,50.25,50.33,50.69,49.82,98.48M,-1.20%
8/12/2019,50.12,49.91,50.51,49.79,89.93M,-0.26%
8/13/2019,52.24,50.26,53.03,50.21,190.16M,4.23%
8/14/2019,50.69,50.79,51.61,50.65,146.19M,-2.97%
8/15/2019,50.44,50.87,51.28,49.92,111.53M,-0.49%
8/16/2019,51.62,51.07,51.79,50.96,115.25M,2.34%
8/19/2019,52.59,52.66,53.18,52.51,97.73M,1.88%
8/20/2019,52.59,52.72,53.34,52.58,107.68M,0.00%
8/21/2019,53.16,53.25,53.41,52.9,86.26M,1.08%
8/22/2019,53.12,53.3,53.61,52.69,89.07M,-0.08%
8/23/2019,50.66,52.36,53.01,50.25,187.53M,-4.63%
8/26/2019,51.62,51.47,51.8,51.26,104.26M,1.89%
8/27/2019,51.04,51.97,52.14,50.88,103.59M,-1.12%
8/28/2019,51.38,51.02,51.43,50.83,63.83M,0.67%
8/29/2019,52.25,52.12,52.33,51.66,84.03M,1.69%
8/30/2019,52.19,52.54,52.61,51.8,84.65M,-0.11%
9/3/2019,51.42,51.61,51.74,51.05,80.24M,-1.48%
9/4/2019,52.3,52.1,52.37,51.83,76.87M,1.71%
9/5/2019,53.32,53,53.49,52.88,95.79M,1.95%
9/6/2019,53.31,53.51,53.6,53.13,77.45M,-0.02%
9/9/2019,53.54,53.71,54.11,52.77,109.24M,0.43%
9/10/2019,54.17,53.47,54.2,52.93,127.11M,1.18%
9/11/2019,55.9,54.52,55.93,54.43,177.16M,3.19%
9/12/2019,55.77,56.2,56.6,55.72,128.91M,-0.23%
9/13/2019,54.69,55,55.2,54.26,159.05M,-1.94%
9/16/2019,54.98,54.43,55.03,54.39,84.63M,0.53%
9/17/2019,55.17,54.99,55.2,54.78,73.55M,0.35%
9/18/2019,55.69,55.27,55.71,54.86,102.57M,0.94%
9/19/2019,55.24,55.5,55.94,55.09,88.75M,-0.81%
9/20/2019,54.43,55.34,55.64,54.37,231.91M,-1.47%
9/23/2019,54.68,54.74,54.96,54.41,77.68M,0.46%
9/24/2019,54.42,55.26,55.62,54.3,125.74M,-0.48%
9/25/2019,55.26,54.64,55.38,54.29,89.92M,1.54%
9/26/2019,54.97,55,55.23,54.71,76.35M,-0.52%
9/27/2019,54.7,55.13,55.24,54.32,101.45M,-0.49%
9/30/2019,55.99,55.23,56.15,55.2,105.27M,2.36%
10/1/2019,56.15,56.27,57.05,56.05,144.75M,0.29%
10/2/2019,54.74,55.77,55.9,54.48,143.07M,-2.51%
10/3/2019,55.2,54.61,55.24,53.78,121.41M,0.84%
10/4/2019,56.75,56.41,56.87,55.97,139.02M,2.81%
10/7/2019,56.77,56.57,57.48,56.46,123.56M,0.04%
10/8/2019,56.1,56.45,57.02,56.08,117.13M,-1.18%
10/9/2019,56.76,56.76,56.95,56.41,76.12M,1.18%
10/10/2019,57.52,56.98,57.61,56.83,115.85M,1.34%
10/11/2019,59.05,58.24,59.41,58.08,167.96M,2.66%
10/14/2019,58.97,58.73,59.53,58.67,97.65M,-0.14%
10/15/2019,58.83,59.1,59.41,58.72,92.16M,-0.24%
10/16/2019,58.59,58.34,58.81,58.3,77.15M,-0.41%
10/17/2019,58.82,58.77,59.04,58.38,69.09M,0.39%
10/18/2019,59.1,58.65,59.4,58.57,97.51M,0.48%
10/21/2019,60.13,59.38,60.25,59.33,89.47M,1.74%
10/22/2019,59.99,60.29,60.55,59.91,90.74M,-0.23%
10/23/2019,60.8,60.52,60.81,60.3,79.73M,1.35%
10/24/2019,60.9,61.13,61.2,60.45,71.67M,0.16%
10/25/2019,61.65,60.79,61.68,60.72,73.48M,1.23%
10/28/2019,62.26,61.85,62.31,61.68,96.57M,0.99%
10/29/2019,60.82,62.24,62.44,60.64,142.84M,-2.31%
10/30/2019,60.81,61.19,61.33,60.3,124.52M,-0.02%
10/31/2019,62.19,61.81,62.29,59.31,139.16M,2.27%
11/1/2019,63.95,62.38,63.98,62.29,151.13M,2.83%
11/4/2019,64.38,64.33,64.46,63.84,103.27M,0.67%
11/5/2019,64.28,64.26,64.55,64.08,79.90M,-0.16%
11/6/2019,64.31,64.19,64.37,63.84,75.86M,0.05%
11/7/2019,64.86,64.69,65.09,64.53,94.94M,0.86%
11/8/2019,65.03,64.67,65.11,64.21,70.08M,0.26%
11/11/2019,65.55,64.58,65.62,64.57,82.03M,0.80%
11/12/2019,65.49,65.39,65.7,65.23,87.39M,-0.09%
11/13/2019,66.12,65.28,66.19,65.27,103.27M,0.96%
11/14/2019,65.66,65.94,66.22,65.53,89.58M,-0.70%
11/15/2019,66.44,65.92,66.44,65.75,100.37M,1.19%
11/18/2019,66.78,66.45,66.86,66.06,86.80M,0.51%
11/19/2019,66.57,66.97,67,66.35,76.28M,-0.31%
11/20/2019,65.8,66.39,66.52,65.1,106.44M,-1.16%
11/21/2019,65.5,65.92,66,65.3,121.40M,-0.46%
11/22/2019,65.44,65.65,65.8,65.21,65.33M,-0.09%
11/25/2019,66.59,65.68,66.61,65.63,84.12M,1.76%
11/26/2019,66.07,66.73,66.79,65.62,105.34M,-0.78%
11/27/2019,66.96,66.39,67,66.33,65.54M,1.35%
11/29/2019,66.81,66.65,67,66.47,46.62M,-0.22%
12/2/2019,66.04,66.82,67.06,65.86,94.77M,-1.15%
12/3/2019,64.86,64.58,64.88,64.07,117.51M,-1.79%
12/4/2019,65.44,65.27,65.83,65.17,67.24M,0.89%
12/5/2019,66.39,65.95,66.47,65.68,74.65M,1.45%
12/6/2019,67.68,66.87,67.75,66.83,106.19M,1.94%
12/9/2019,66.73,67.5,67.7,66.23,128.73M,-1.40%
12/10/2019,67.12,67.15,67.52,66.47,90.53M,0.58%
12/11/2019,67.69,67.2,67.78,67.12,78.89M,0.85%
12/12/2019,67.86,66.94,68.14,66.83,137.75M,0.25%
12/13/2019,68.79,67.86,68.83,67.73,133.73M,1.37%
12/16/2019,69.97,69.25,70.2,69.25,128.32M,1.72%
12/17/2019,70.1,69.89,70.44,69.7,114.30M,0.19%
12/18/2019,69.94,69.95,70.47,69.78,116.10M,-0.23%
12/19/2019,70,69.88,70.3,69.74,98.51M,0.09%
12/20/2019,69.86,70.56,70.66,69.64,276.13M,-0.20%
12/23/2019,71,70.13,71.06,70.09,98.71M,1.63%
12/24/2019,71.07,71.17,71.22,70.73,48.48M,0.10%
12/26/2019,72.48,71.2,72.5,71.17,93.34M,1.98%
12/27/2019,72.45,72.78,73.49,72.03,146.37M,-0.04%
12/30/2019,72.88,72.36,73.17,71.31,144.24M,0.59%
12/31/2019,73.41,72.48,73.42,72.38,100.99M,0.73%
1/2/2020,75.09,74.06,75.15,73.8,135.65M,2.29%
1/3/2020,74.36,74.29,75.14,74.12,146.54M,-0.97%
1/6/2020,74.95,73.45,74.99,73.19,118.58M,0.79%
1/7/2020,74.6,74.96,75.22,74.37,111.51M,-0.47%
1/8/2020,75.8,74.29,76.11,74.29,132.36M,1.61%
1/9/2020,77.41,76.81,77.61,76.55,170.49M,2.12%
1/10/2020,77.58,77.65,78.17,77.06,140.87M,0.22%
1/13/2020,79.24,77.91,79.27,77.79,122.09M,2.14%
1/14/2020,78.17,79.17,79.39,78.04,162.61M,-1.35%
1/15/2020,77.83,77.96,78.88,77.39,121.92M,-0.43%
1/16/2020,78.81,78.4,78.92,78.02,108.83M,1.26%
1/17/2020,79.68,79.07,79.69,78.75,137.82M,1.10%
1/21/2020,79.14,79.3,79.75,79,110.84M,-0.68%
1/22/2020,79.42,79.64,80,79.33,101.83M,0.35%
1/23/2020,79.81,79.48,79.89,78.91,104.47M,0.49%
1/24/2020,79.58,80.06,80.83,79.38,146.54M,-0.29%
1/27/2020,77.24,77.52,77.94,76.22,161.94M,-2.94%
1/28/2020,79.42,78.15,79.6,78.05,162.23M,2.82%
1/29/2020,81.08,81.11,81.96,80.34,216.60M,2.09%
1/30/2020,80.97,80.14,81.02,79.69,126.74M,-0.14%
1/31/2020,77.38,80.23,80.67,77.07,199.59M,-4.43%
2/3/2020,77.17,76.08,78.37,75.56,173.99M,-0.27%
2/4/2020,79.71,78.83,79.91,78.41,136.62M,3.29%
2/5/2020,80.36,80.88,81.19,79.74,118.83M,0.82%
2/6/2020,81.3,80.64,81.31,80.07,105.43M,1.17%
2/7/2020,80.01,80.59,80.85,79.5,117.68M,-1.59%
2/10/2020,80.39,78.55,80.39,78.46,109.35M,0.47%
2/11/2020,79.9,80.9,80.97,79.68,94.32M,-0.61%
2/12/2020,81.8,80.37,81.81,80.37,113.73M,2.38%
2/13/2020,81.22,81.05,81.56,80.84,94.75M,-0.71%
2/14/2020,81.24,81.19,81.5,80.71,80.11M,0.02%
2/18/2020,79.75,78.84,79.94,78.65,152.76M,-1.83%
2/19/2020,80.91,80,81.14,80,93.98M,1.45%
2/20/2020,80.08,80.66,81.16,79.55,100.57M,-1.03%
2/21/2020,78.26,79.66,80.11,77.62,129.71M,-2.27%
2/24/2020,74.55,74.31,76.05,72.31,222.20M,-4.74%
2/25/2020,72.02,75.24,75.63,71.53,230.67M,-3.39%
2/26/2020,73.16,71.63,74.47,71.62,198.71M,1.58%
2/27/2020,68.38,70.28,71.5,68.24,320.61M,-6.53%
2/28/2020,68.34,64.31,69.6,64.09,426.88M,-0.06%
3/2/2020,74.7,70.57,75.36,69.43,341.40M,9.31%
3/3/2020,72.33,75.92,76,71.45,319.48M,-3.17%
3/4/2020,75.69,74.11,75.85,73.28,219.18M,4.65%
3/5/2020,73.23,73.88,74.89,72.85,187.57M,-3.25%
3/6/2020,72.26,70.5,72.7,70.31,226.18M,-1.32%
3/9/2020,66.54,65.94,69.52,65.75,286.74M,-7.92%
3/10/2020,71.33,69.28,71.61,67.34,285.29M,7.20%
3/11/2020,68.86,69.35,70.31,67.97,256.38M,-3.46%
3/12/2020,62.06,63.98,67.5,62,418.47M,-9.88%
3/13/2020,69.49,66.22,69.98,63.24,370.73M,11.97%
3/16/2020,60.55,60.49,64.77,60,322.42M,-12.87%
3/17/2020,63.22,61.88,64.4,59.6,324.06M,4.41%
3/18/2020,61.67,59.94,62.5,59.28,300.23M,-2.45%
3/19/2020,61.2,61.85,63.21,60.65,271.86M,-0.76%
3/20/2020,57.31,61.8,62.96,57,401.69M,-6.36%
3/23/2020,56.09,57.02,57.12,53.15,336.75M,-2.13%
3/24/2020,61.72,59.09,61.92,58.58,287.53M,10.04%
3/25/2020,61.38,62.69,64.56,61.08,303.60M,-0.55%
3/26/2020,64.61,61.63,64.67,61.59,252.56M,5.26%
3/27/2020,61.94,63.19,63.97,61.76,204.22M,-4.13%
3/30/2020,63.7,62.69,63.88,62.35,167.98M,2.84%
3/31/2020,63.57,63.9,65.62,63,197.00M,-0.20%
4/1/2020,60.23,61.62,62.18,59.78,176.22M,-5.25%
4/2/2020,61.23,60.09,61.29,59.23,165.93M,1.66%
4/3/2020,60.35,60.7,61.42,59.74,129.88M,-1.44%
4/6/2020,65.62,62.73,65.78,62.34,201.82M,8.73%
4/7/2020,64.86,67.7,67.92,64.75,202.89M,-1.16%
4/8/2020,66.52,65.69,66.84,65.31,168.90M,2.56%
4/9/2020,67,67.17,67.52,66.17,162.12M,0.72%
4/13/2020,68.31,67.08,68.42,66.46,131.02M,1.96%
4/14/2020,71.76,70,72.06,69.51,194.99M,5.05%
4/15/2020,71.11,70.6,71.58,70.16,131.15M,-0.91%
4/16/2020,71.67,71.84,72.05,70.59,157.13M,0.79%
4/17/2020,70.7,71.17,71.74,69.22,215.25M,-1.35%
4/20/2020,69.23,69.49,70.42,69.21,130.02M,-2.08%
4/21/2020,67.09,69.07,69.31,66.36,180.99M,-3.09%
4/22/2020,69.03,68.4,69.47,68.05,117.06M,2.89%
4/23/2020,68.76,68.97,70.44,68.72,124.81M,-0.39%
4/24/2020,70.74,69.3,70.75,69.25,126.51M,2.88%
4/27/2020,70.79,70.45,71.14,69.99,117.09M,0.07%
4/28/2020,69.64,71.27,71.46,69.55,112.00M,-1.62%
4/29/2020,71.93,71.18,72.42,70.97,137.28M,3.29%
4/30/2020,73.45,72.49,73.63,72.09,183.06M,2.11%
5/1/2020,72.27,71.56,74.75,71.46,240.62M,-1.61%
5/4/2020,73.29,72.29,73.42,71.58,133.57M,1.41%
5/5/2020,74.39,73.77,75.25,73.61,147.75M,1.50%
5/6/2020,75.16,75.11,75.81,74.72,142.33M,1.04%
5/7/2020,75.94,75.81,76.29,75.49,115.22M,1.04%
5/8/2020,77.53,76.41,77.59,76.07,134.05M,2.09%
5/11/2020,78.75,77.03,79.26,76.81,145.95M,1.57%
5/12/2020,77.85,79.46,79.92,77.73,162.30M,-1.14%
5/13/2020,76.91,78.04,78.99,75.8,200.62M,-1.21%
5/14/2020,77.39,76.13,77.45,75.38,158.93M,0.62%
5/15/2020,76.93,75.09,76.97,75.05,166.35M,-0.59%
5/18/2020,78.74,78.29,79.12,77.58,135.37M,2.35%
5/19/2020,78.28,78.76,79.63,78.25,101.73M,-0.58%
5/20/2020,79.81,79.17,79.88,79.05,111.50M,1.95%
5/21/2020,79.21,79.67,80.22,78.97,102.69M,-0.75%
5/22/2020,79.72,78.94,79.81,78.84,81.80M,0.64%
5/26/2020,79.18,80.88,81.06,79.12,125.52M,-0.68%
5/27/2020,79.53,79.03,79.68,78.27,112.95M,0.44%
5/28/2020,79.56,79.19,80.86,78.91,133.80M,0.04%
5/29/2020,79.48,79.81,80.29,79.12,153.60M,-0.10%
6/1/2020,80.46,79.44,80.59,79.3,81.02M,1.23%
6/2/2020,80.83,80.19,80.86,79.73,87.64M,0.46%
6/3/2020,81.28,81.17,81.55,80.58,104.49M,0.56%
6/4/2020,80.58,81.1,81.41,80.19,87.56M,-0.86%
6/5/2020,82.88,80.84,82.94,80.81,137.25M,2.85%
6/8/2020,83.36,82.56,83.4,81.83,95.65M,0.58%
6/9/2020,86,83.03,86.4,83,147.71M,3.17%
6/10/2020,88.21,86.97,88.69,86.52,166.65M,2.57%
6/11/2020,83.97,87.33,87.77,83.87,201.66M,-4.81%
6/12/2020,84.7,86.18,86.95,83.56,200.15M,0.87%
6/15/2020,85.75,83.31,86.42,83.14,138.81M,1.24%
6/16/2020,88.02,87.86,88.3,86.18,165.43M,2.65%
6/17/2020,87.9,88.79,88.85,87.77,114.41M,-0.14%
6/18/2020,87.93,87.85,88.36,87.31,96.82M,0.03%
6/19/2020,87.43,88.66,89.14,86.29,264.48M,-0.57%
6/22/2020,89.72,87.83,89.86,87.79,135.45M,2.62%
6/23/2020,91.63,91,93.09,90.57,212.16M,2.13%
6/24/2020,90.02,91.25,92.2,89.63,192.62M,-1.76%
6/25/2020,91.21,90.17,91.25,89.39,137.52M,1.32%
6/26/2020,88.41,91.1,91.33,88.25,205.26M,-3.07%
6/29/2020,90.44,88.31,90.54,87.82,130.65M,2.30%
6/30/2020,91.2,90.02,91.5,90,140.22M,0.84%
7/1/2020,91.03,91.28,91.84,90.98,110.74M,-0.19%
7/2/2020,91.03,91.96,92.62,90.91,114.04M,0.00%
7/6/2020,93.46,92.5,93.94,92.47,118.66M,2.67%
7/7/2020,93.17,93.85,94.66,93.06,112.42M,-0.31%
7/8/2020,95.34,94.18,95.38,94.09,117.09M,2.33%
7/9/2020,95.68,96.26,96.32,94.67,125.64M,0.36%
7/10/2020,95.92,95.33,95.98,94.71,90.26M,0.25%
7/13/2020,95.48,97.27,99.95,95.26,191.65M,-0.46%
7/14/2020,97.06,94.84,97.25,93.88,170.99M,1.65%
7/15/2020,97.72,98.99,99.25,96.49,153.20M,0.68%
7/16/2020,96.52,96.56,97.41,95.91,110.58M,-1.23%
7/17/2020,96.33,96.99,97.15,95.84,92.19M,-0.20%
7/20/2020,98.36,96.42,98.5,96.06,90.32M,2.11%
7/21/2020,97,99.17,99.25,96.74,103.65M,-1.38%
7/22/2020,97.27,96.69,97.97,96.6,89.00M,0.28%
7/23/2020,92.84,97,97.08,92.01,197.00M,-4.55%
7/24/2020,92.61,90.99,92.97,89.14,185.44M,-0.25%
7/27/2020,94.81,93.71,94.91,93.48,121.21M,2.38%
7/28/2020,93.25,94.37,94.55,93.25,103.63M,-1.65%
7/29/2020,95.04,93.75,95.23,93.71,90.33M,1.92%
7/30/2020,96.19,94.19,96.3,93.77,158.13M,1.21%
7/31/2020,106.26,102.88,106.42,100.83,374.30M,10.47%
8/3/2020,108.94,108.2,111.64,107.89,308.15M,2.52%
8/4/2020,109.67,109.13,110.79,108.39,172.79M,0.67%
8/5/2020,110.06,109.38,110.39,108.9,121.99M,0.36%
8/6/2020,113.9,110.41,114.41,109.8,202.43M,3.49%
8/7/2020,111.11,113.2,113.67,110.29,198.05M,-2.45%
8/10/2020,112.73,112.6,113.78,110,212.40M,1.46%
8/11/2020,109.38,111.97,112.48,109.11,187.90M,-2.97%
8/12/2020,113.01,110.5,113.28,110.3,165.94M,3.32%
8/13/2020,115.01,114.43,116.04,113.93,210.08M,1.77%
8/14/2020,114.91,114.83,115,113.05,165.57M,-0.09%
8/17/2020,114.61,116.06,116.09,113.96,119.56M,-0.26%
8/18/2020,115.56,114.35,116,114.01,105.63M,0.83%
8/19/2020,115.71,115.98,117.16,115.61,145.54M,0.13%
8/20/2020,118.28,115.75,118.39,115.73,126.91M,2.22%
8/21/2020,124.37,119.26,124.87,119.25,338.05M,5.15%
8/24/2020,125.86,128.7,128.78,123.94,345.94M,1.20%
8/25/2020,124.83,124.7,125.18,123.05,211.50M,-0.82%
8/26/2020,126.52,126.18,126.99,125.08,163.02M,1.35%
8/27/2020,125.01,127.14,127.48,123.83,155.55M,-1.19%
8/28/2020,124.81,126.01,126.44,124.58,187.63M,-0.16%
8/31/2020,129.04,127.58,131,126,225.70M,3.39%
9/1/2020,134.18,132.76,134.8,130.53,152.47M,3.98%
9/2/2020,131.4,137.59,137.98,127,200.12M,-2.07%
9/3/2020,120.88,126.91,128.84,120.5,257.60M,-8.01%
9/4/2020,120.96,120.07,123.7,110.89,332.61M,0.07%
9/8/2020,112.82,113.95,118.99,112.68,231.37M,-6.73%
9/9/2020,117.32,117.26,119.14,115.26,176.94M,3.99%
9/10/2020,113.49,120.36,120.5,112.5,182.27M,-3.26%
9/11/2020,112,114.57,115.23,110,180.86M,-1.31%
9/14/2020,115.36,114.72,115.93,112.8,140.15M,3.00%
9/15/2020,115.54,118.33,118.83,113.61,184.64M,0.16%
9/16/2020,112.13,115.23,116,112.04,155.03M,-2.95%
9/17/2020,110.34,109.72,112.2,108.71,178.01M,-1.60%
9/18/2020,106.84,110.4,110.88,106.09,287.10M,-3.17%
9/21/2020,110.08,104.54,110.19,103.1,195.71M,3.03%
9/22/2020,111.81,112.68,112.86,109.16,183.06M,1.57%
9/23/2020,107.12,111.62,112.11,106.77,150.72M,-4.19%
9/24/2020,108.22,105.17,110.25,105,167.74M,1.03%
9/25/2020,112.28,108.43,112.44,107.67,149.98M,3.75%
9/28/2020,114.96,115.01,115.32,112.78,137.67M,2.39%
9/29/2020,114.09,114.55,115.31,113.57,100.06M,-0.76%
9/30/2020,115.81,113.79,117.26,113.62,142.68M,1.51%
10/1/2020,116.79,117.64,117.72,115.83,116.12M,0.85%
10/2/2020,113.02,112.89,115.37,112.22,144.71M,-3.23%
10/5/2020,116.5,113.91,116.65,113.55,106.24M,3.08%
10/6/2020,113.16,115.7,116.12,112.25,161.50M,-2.87%
10/7/2020,115.08,114.62,115.55,114.13,96.85M,1.70%
10/8/2020,114.97,116.25,116.4,114.59,83.48M,-0.10%
10/9/2020,116.97,115.28,117,114.92,100.51M,1.74%
10/12/2020,124.4,120.06,125.18,119.28,240.23M,6.35%
10/13/2020,121.1,125.27,125.39,119.65,262.33M,-2.65%
10/14/2020,121.19,121,123.03,119.62,151.06M,0.07%
10/15/2020,120.71,118.72,121.2,118.15,112.56M,-0.40%
10/16/2020,119.02,121.28,121.55,118.81,115.39M,-1.40%
10/19/2020,115.98,119.96,120.42,115.66,120.64M,-2.55%
10/20/2020,117.51,116.2,118.98,115.63,124.42M,1.32%
10/21/2020,116.87,116.67,118.71,116.45,89.95M,-0.54%
10/22/2020,115.75,117.45,118.04,114.59,101.99M,-0.96%
10/23/2020,115.04,116.39,116.55,114.28,82.57M,-0.61%
10/26/2020,115.05,114.01,116.55,112.88,111.85M,0.01%
10/27/2020,116.6,115.49,117.28,114.54,92.28M,1.35%
10/28/2020,111.2,115.05,115.43,111.1,143.94M,-4.63%
10/29/2020,115.32,112.37,116.93,112.2,146.13M,3.71%
10/30/2020,108.86,111.06,111.99,107.72,190.57M,-5.60%
11/2/2020,108.77,109.11,110.68,107.32,122.87M,-0.08%
11/3/2020,110.44,109.66,111.49,108.73,107.62M,1.54%
11/4/2020,114.95,114.14,115.59,112.35,138.24M,4.08%
11/5/2020,119.03,117.95,119.62,116.87,126.39M,3.55%
11/6/2020,118.69,118.32,119.2,116.13,114.46M,-0.29%
11/9/2020,116.32,120.5,121.99,116.05,154.52M,-2.00%
11/10/2020,115.97,115.55,117.59,114.13,138.02M,-0.30%
11/11/2020,119.49,117.19,119.63,116.44,112.30M,3.04%
11/12/2020,119.21,119.62,120.53,118.57,103.35M,-0.23%
11/13/2020,119.26,119.44,119.67,117.87,81.69M,0.04%
11/16/2020,120.3,118.92,120.99,118.15,91.18M,0.87%
11/17/2020,119.39,119.55,120.67,118.96,74.27M,-0.76%
11/18/2020,118.03,118.61,119.82,118,76.32M,-1.14%
11/19/2020,118.64,117.59,119.06,116.81,74.11M,0.52%
11/20/2020,117.34,118.64,118.77,117.29,73.60M,-1.10%
11/23/2020,113.85,117.18,117.62,113.75,127.96M,-2.97%
11/24/2020,115.17,113.91,115.85,112.59,113.87M,1.16%
11/25/2020,116.03,115.55,116.75,115.17,76.50M,0.75%
11/27/2020,116.59,116.57,117.49,116.22,46.69M,0.48%
11/30/2020,119.05,116.97,120.97,116.81,169.41M,2.11%
12/1/2020,122.72,121.01,123.47,120.01,128.17M,3.08%
12/2/2020,123.08,122.02,123.37,120.89,89.00M,0.29%
12/3/2020,122.94,123.52,123.78,122.21,78.97M,-0.11%
12/4/2020,122.25,122.6,122.86,121.52,78.26M,-0.56%
12/7/2020,123.75,122.31,124.57,122.25,86.71M,1.23%
12/8/2020,124.38,124.37,124.98,123.09,82.23M,0.51%
12/9/2020,121.78,124.53,125.95,121,115.09M,-2.09%
12/10/2020,123.24,120.5,123.87,120.15,81.31M,1.20%
12/11/2020,122.41,122.43,122.76,120.55,86.94M,-0.67%
12/14/2020,121.78,122.6,123.35,121.54,79.08M,-0.51%
12/15/2020,127.88,124.34,127.9,124.13,157.57M,5.01%
12/16/2020,127.81,127.41,128.37,126.56,98.21M,-0.05%
12/17/2020,128.7,128.9,129.58,128.04,94.36M,0.70%
12/18/2020,126.65,128.96,129.1,126.12,192.54M,-1.59%
12/21/2020,128.23,125.02,128.31,123.45,121.25M,1.24%
12/22/2020,131.88,131.61,134.4,129.65,169.35M,2.85%
12/23/2020,130.96,132.16,132.43,130.78,88.22M,-0.70%
12/24/2020,131.97,131.32,133.46,131.1,54.93M,0.77%
12/28/2020,136.69,133.99,137.34,133.51,124.49M,3.58%
12/29/2020,134.87,138.05,138.79,134.34,121.05M,-1.33%
12/30/2020,133.72,135.58,135.99,133.4,96.45M,-0.85%
12/31/2020,132.69,134.08,134.74,131.72,99.12M,-0.77%
1/4/2021,129.41,133.52,133.61,126.76,143.30M,-2.47%
1/5/2021,131.01,128.89,131.74,128.43,97.67M,1.24%
1/6/2021,126.6,127.72,131.05,126.38,155.09M,-3.37%
1/7/2021,130.92,128.36,131.63,127.86,109.58M,3.41%
1/8/2021,132.05,132.43,132.63,130.23,105.16M,0.86%
1/11/2021,128.98,129.19,130.17,128.5,100.62M,-2.32%
1/12/2021,128.8,128.5,129.69,126.86,91.95M,-0.14%
1/13/2021,130.89,128.76,131.45,128.49,88.64M,1.62%
1/14/2021,128.91,130.8,131,128.76,90.22M,-1.51%
1/15/2021,127.14,128.78,130.22,127,111.60M,-1.37%
1/19/2021,127.83,127.78,128.71,126.94,90.76M,0.54%
1/20/2021,132.03,128.66,132.49,128.55,104.32M,3.29%
1/21/2021,136.87,133.8,139.67,133.59,120.53M,3.67%
1/22/2021,139.07,136.28,139.85,135.02,114.46M,1.61%
1/25/2021,142.92,143.07,145.09,136.54,157.61M,2.77%
1/26/2021,143.16,143.6,144.3,141.37,98.39M,0.17%
1/27/2021,142.06,143.43,144.3,140.41,140.84M,-0.77%
1/28/2021,137.09,139.52,141.99,136.7,142.62M,-3.50%
1/29/2021,131.96,135.83,136.74,130.21,177.52M,-3.74%
2/1/2021,134.14,133.75,135.38,130.93,106.24M,1.65%
2/2/2021,134.99,135.73,136.31,134.61,83.31M,0.63%
2/3/2021,133.94,135.76,135.77,133.61,89.88M,-0.78%
2/4/2021,137.39,136.3,137.4,134.59,84.18M,2.58%
2/5/2021,136.76,137.35,137.42,135.86,75.69M,-0.46%
2/8/2021,136.91,136.03,136.96,134.92,71.30M,0.11%
2/9/2021,136.01,136.62,137.88,135.85,76.77M,-0.66%
2/10/2021,135.39,136.48,136.99,134.4,73.05M,-0.46%
2/11/2021,135.13,135.9,136.39,133.77,64.28M,-0.19%
2/12/2021,135.37,134.35,135.53,133.69,60.15M,0.18%
2/16/2021,133.19,135.49,136.01,132.79,80.58M,-1.61%
2/17/2021,130.84,131.25,132.22,129.47,98.09M,-1.76%
2/18/2021,129.71,129.2,129.99,127.41,96.86M,-0.86%
2/19/2021,129.87,130.24,130.71,128.8,87.67M,0.12%
2/22/2021,126,128.01,129.72,125.6,103.92M,-2.98%
2/23/2021,125.86,123.76,126.71,118.39,158.27M,-0.11%
2/24/2021,125.35,124.94,125.56,122.23,111.04M,-0.41%
2/25/2021,120.99,124.68,126.46,120.54,148.20M,-3.48%
2/26/2021,121.26,122.59,124.85,121.2,164.56M,0.22%
3/1/2021,127.79,123.75,127.93,122.79,116.31M,5.39%
3/2/2021,125.12,128.41,128.72,125.01,102.26M,-2.09%
3/3/2021,122.06,124.81,125.71,121.84,112.97M,-2.45%
3/4/2021,120.13,121.75,123.6,118.62,178.16M,-1.58%
3/5/2021,121.42,120.98,121.93,117.57,153.77M,1.07%
3/8/2021,116.36,120.93,121,116.21,154.38M,-4.17%
3/9/2021,121.08,119.03,122.06,118.79,129.53M,4.06%
3/10/2021,119.98,121.69,122.17,119.45,111.94M,-0.91%
3/11/2021,121.96,122.54,123.21,121.26,103.03M,1.65%
3/12/2021,121.03,120.4,121.17,119.16,88.11M,-0.76%
3/15/2021,123.99,121.41,124,120.42,92.59M,2.45%
3/16/2021,125.57,125.7,127.22,124.71,115.23M,1.27%
3/17/2021,124.76,124.05,125.86,122.34,111.93M,-0.65%
3/18/2021,120.53,122.88,123.18,120.32,121.47M,-3.39%
3/19/2021,119.99,119.9,121.43,119.68,185.55M,-0.45%
3/22/2021,123.39,120.33,123.87,120.26,111.91M,2.83%
3/23/2021,122.54,123.33,124.24,122.14,95.47M,-0.69%
3/24/2021,120.09,122.82,122.9,120.07,88.53M,-2.00%
3/25/2021,120.59,119.54,121.66,119,98.85M,0.42%
3/26/2021,121.21,120.35,121.48,118.92,94.07M,0.51%
3/29/2021,121.39,121.65,122.58,120.73,80.82M,0.15%
3/30/2021,119.9,120.11,120.4,118.86,85.67M,-1.23%
3/31/2021,122.15,121.65,123.52,121.15,118.32M,1.88%
4/1/2021,123,123.66,124.18,122.49,75.09M,0.70%
4/5/2021,125.9,123.87,126.16,123.07,88.65M,2.36%
4/6/2021,126.21,126.5,127.13,125.65,80.17M,0.25%
4/7/2021,127.9,125.83,127.92,125.14,83.47M,1.34%
4/8/2021,130.36,128.95,130.39,128.52,88.85M,1.92%
4/9/2021,132.99,129.8,133.04,129.47,106.69M,2.02%
4/12/2021,131.24,132.52,132.85,130.63,91.42M,-1.32%
4/13/2021,134.43,132.44,134.66,131.93,91.27M,2.43%
4/14/2021,132.03,134.94,135,131.65,87.22M,-1.79%
4/15/2021,134.5,133.82,135,133.64,89.35M,1.87%
4/16/2021,134.16,134.3,134.67,133.28,84.92M,-0.25%
4/19/2021,134.84,133.51,135.47,133.34,94.26M,0.51%
4/20/2021,133.11,135.02,135.53,131.81,94.81M,-1.28%
4/21/2021,133.5,132.36,133.75,131.3,68.85M,0.29%
4/22/2021,131.94,133.04,134.15,131.41,84.57M,-1.17%
4/23/2021,134.32,132.16,135.12,132.16,78.76M,1.80%
4/26/2021,134.72,134.83,135.06,133.56,66.91M,0.30%
4/27/2021,134.39,135.01,135.41,134.11,66.02M,-0.24%
4/28/2021,133.58,134.31,135.02,133.08,107.76M,-0.60%
4/29/2021,133.48,136.47,137.07,132.45,151.10M,-0.07%
4/30/2021,131.46,131.78,133.56,131.07,109.84M,-1.51%
5/3/2021,132.54,132.04,134.07,131.83,75.14M,0.82%
5/4/2021,127.85,131.19,131.49,126.7,137.56M,-3.54%
5/5/2021,128.1,129.2,130.45,127.97,84.00M,0.20%
5/6/2021,129.74,127.89,129.75,127.13,78.13M,1.28%
5/7/2021,130.21,130.85,131.26,129.48,78.97M,0.36%
5/10/2021,126.85,129.41,129.54,126.81,88.07M,-2.58%
5/11/2021,125.91,123.5,126.27,122.77,126.14M,-0.74%
5/12/2021,122.77,123.4,124.64,122.25,112.17M,-2.49%
5/13/2021,124.97,124.58,126.15,124.26,105.86M,1.79%
5/14/2021,127.45,126.25,127.89,125.85,81.92M,1.98%
5/17/2021,126.27,126.82,126.93,125.17,74.25M,-0.93%
5/18/2021,124.85,126.56,126.99,124.78,63.34M,-1.12%
5/19/2021,124.69,123.16,124.92,122.86,92.61M,-0.13%
5/20/2021,127.31,125.23,127.72,125.1,76.86M,2.10%
5/21/2021,125.43,127.82,128,125.21,79.30M,-1.48%
5/24/2021,127.1,126.01,127.94,125.94,63.09M,1.33%
5/25/2021,126.9,127.82,128.32,126.32,72.01M,-0.16%
5/26/2021,126.85,126.96,127.39,126.42,56.58M,-0.04%
5/27/2021,125.28,126.44,127.64,125.08,94.63M,-1.24%
5/28/2021,124.61,125.57,125.8,124.55,71.31M,-0.53%
6/1/2021,124.28,125.08,125.35,123.94,67.64M,-0.26%
6/2/2021,125.06,124.28,125.24,124.05,59.28M,0.63%
6/3/2021,123.54,124.68,124.85,123.13,76.23M,-1.22%
6/4/2021,125.89,124.07,126.16,123.85,75.17M,1.90%
6/7/2021,125.9,126.17,126.32,124.83,71.06M,0.01%
6/8/2021,126.74,126.6,128.46,126.21,74.40M,0.67%
6/9/2021,127.13,127.21,127.75,126.52,56.88M,0.31%
6/10/2021,126.11,127.02,128.19,125.94,71.19M,-0.80%
6/11/2021,127.35,126.53,127.44,126.1,53.52M,0.98%
6/14/2021,130.48,127.82,130.54,127.07,96.91M,2.46%
6/15/2021,129.64,129.94,130.6,129.39,62.75M,-0.64%
6/16/2021,130.15,130.37,130.89,128.46,91.82M,0.39%
6/17/2021,131.79,129.8,132.55,129.65,96.72M,1.26%
6/18/2021,130.46,130.71,131.51,130.24,108.95M,-1.01%
6/21/2021,132.3,130.3,132.41,129.21,79.66M,1.41%
6/22/2021,133.98,132.13,134.08,131.62,74.78M,1.27%
6/23/2021,133.7,133.77,134.32,133.23,60.21M,-0.21%
6/24/2021,133.41,134.45,134.64,132.93,68.71M,-0.22%
6/25/2021,133.11,133.46,133.89,132.81,70.78M,-0.22%
6/28/2021,134.78,133.41,135.24,133.35,62.11M,1.25%
6/29/2021,136.33,134.8,136.49,134.35,64.56M,1.15%
6/30/2021,136.96,136.17,137.41,135.87,63.26M,0.46%
7/1/2021,137.27,136.6,137.33,135.76,52.49M,0.23%
7/2/2021,139.96,137.9,140,137.74,78.95M,1.96%
7/6/2021,142.02,140.07,143.15,140.07,108.18M,1.47%
7/7/2021,144.57,143.54,144.89,142.66,104.91M,1.80%
7/8/2021,143.24,141.58,144.06,140.66,105.58M,-0.92%
7/9/2021,145.11,142.75,145.65,142.65,99.89M,1.31%
7/12/2021,144.5,146.21,146.32,144,76.30M,-0.42%
7/13/2021,145.64,144.03,147.46,143.63,100.83M,0.79%
7/14/2021,149.15,148.1,149.57,147.68,127.05M,2.41%
7/15/2021,148.48,149.24,150,147.09,106.82M,-0.45%
7/16/2021,146.39,148.46,149.76,145.88,93.25M,-1.41%
7/19/2021,142.45,143.75,144.07,141.67,121.44M,-2.69%
7/20/2021,146.15,143.46,147.1,142.96,96.35M,2.60%
7/21/2021,145.4,145.53,146.13,144.63,74.99M,-0.51%
7/22/2021,146.8,145.93,148.2,145.81,77.34M,0.96%
7/23/2021,148.56,147.55,148.72,146.92,71.45M,1.20%
7/26/2021,148.99,148.27,149.83,147.7,72.43M,0.29%
7/27/2021,146.77,149.12,149.21,145.55,104.82M,-1.49%
7/28/2021,144.98,144.81,146.97,142.54,118.93M,-1.22%
7/29/2021,145.64,144.68,146.55,144.58,56.70M,0.46%
7/30/2021,145.86,144.38,146.33,144.11,70.44M,0.15%
8/2/2021,145.52,146.36,146.95,145.25,62.88M,-0.23%
8/3/2021,147.36,145.81,148.04,145.18,64.79M,1.26%
8/4/2021,146.95,147.27,147.79,146.28,56.37M,-0.28%
8/5/2021,147.06,146.98,147.84,146.17,46.40M,0.07%
8/6/2021,146.14,146.35,147.11,145.63,54.13M,-0.63%
8/9/2021,146.09,146.2,146.7,145.52,48.91M,-0.03%
8/10/2021,145.6,146.44,147.71,145.3,69.02M,-0.34%
8/11/2021,145.86,146.05,146.72,145.53,48.49M,0.18%
8/12/2021,148.89,146.19,149.05,145.84,73.78M,2.08%
8/13/2021,149.1,148.97,149.44,148.27,59.38M,0.14%
8/16/2021,151.12,148.54,151.19,146.47,103.56M,1.35%
8/17/2021,150.19,150.23,151.68,149.09,92.23M,-0.62%
8/18/2021,146.36,149.8,150.72,146.15,86.33M,-2.55%
8/19/2021,146.7,145.03,148,144.5,86.96M,0.23%
8/20/2021,148.19,147.44,148.5,146.78,60.55M,1.02%
8/23/2021,149.71,148.31,150.19,147.89,60.13M,1.03%
8/24/2021,149.62,149.45,150.86,149.15,48.61M,-0.06%
8/25/2021,148.36,149.81,150.32,147.8,58.99M,-0.84%
8/26/2021,147.54,148.35,149.12,147.51,48.60M,-0.55%
8/27/2021,148.6,147.48,148.75,146.83,55.80M,0.72%
8/30/2021,153.12,149,153.49,148.61,90.96M,3.04%
8/31/2021,151.83,152.66,152.8,151.29,86.45M,-0.84%
9/1/2021,152.51,152.83,154.98,152.34,80.31M,0.45%
9/2/2021,153.65,153.87,154.72,152.4,71.17M,0.75%
9/3/2021,154.3,153.76,154.63,153.09,57.87M,0.42%
9/7/2021,156.69,154.97,157.26,154.39,82.28M,1.55%
9/8/2021,155.11,156.98,157.04,153.98,74.42M,-1.01%
9/9/2021,154.07,155.49,156.11,153.95,57.31M,-0.67%
9/10/2021,148.97,155,155.48,148.7,140.89M,-3.31%
9/13/2021,149.55,150.63,151.42,148.75,102.40M,0.39%
9/14/2021,148.12,150.35,151.07,146.91,109.30M,-0.96%
9/15/2021,149.03,148.56,149.44,146.37,83.28M,0.61%
9/16/2021,148.79,148.44,148.97,147.22,68.03M,-0.16%
9/17/2021,146.06,148.82,148.82,145.76,129.87M,-1.83%
9/20/2021,142.94,143.8,144.84,141.27,123.48M,-2.14%
9/21/2021,143.43,143.93,144.6,142.78,75.83M,0.34%
9/22/2021,145.85,144.45,146.43,143.7,76.40M,1.69%
9/23/2021,146.83,146.65,147.08,145.64,64.84M,0.67%
9/24/2021,146.92,145.66,147.47,145.56,53.48M,0.06%
9/27/2021,145.37,145.47,145.96,143.82,74.15M,-1.05%
9/28/2021,141.91,143.25,144.75,141.69,108.97M,-2.38%
9/29/2021,142.83,142.47,144.45,142.03,74.60M,0.65%
9/30/2021,141.5,143.66,144.38,141.28,89.06M,-0.93%
10/1/2021,142.65,141.9,142.92,139.11,94.64M,0.81%
10/4/2021,139.14,141.76,142.21,138.27,98.32M,-2.46%
10/5/2021,141.11,139.49,142.24,139.36,80.86M,1.42%
10/6/2021,142,139.47,142.15,138.37,83.22M,0.63%
10/7/2021,143.29,143.06,144.21,142.72,61.73M,0.91%
10/8/2021,142.9,144.03,144.18,142.56,58.77M,-0.27%
10/11/2021,142.81,142.27,144.81,141.81,64.45M,-0.06%
10/12/2021,141.51,143.23,143.25,141.04,73.04M,-0.91%
10/13/2021,140.91,141.24,141.4,139.2,78.76M,-0.42%
10/14/2021,143.76,142.11,143.88,141.51,69.91M,2.02%
10/15/2021,144.84,143.77,144.9,143.51,67.94M,0.75%
10/18/2021,146.55,143.45,146.84,143.16,85.59M,1.18%
10/19/2021,148.76,147.01,149.17,146.55,76.38M,1.51%
10/20/2021,149.26,148.7,149.75,148.12,58.42M,0.34%
10/21/2021,149.48,148.81,149.64,147.87,61.42M,0.15%
10/22/2021,148.69,149.69,150.18,148.64,58.88M,-0.53%
10/25/2021,148.64,148.68,149.37,147.62,50.72M,-0.03%
10/26/2021,149.32,149.33,150.84,149.01,60.89M,0.46%
10/27/2021,148.85,149.36,149.73,148.49,56.10M,-0.31%
10/28/2021,152.57,149.82,153.16,149.72,100.08M,2.50%
10/29/2021,149.8,147.21,149.94,146.41,124.95M,-1.82%
11/1/2021,148.96,148.99,149.7,147.8,74.59M,-0.56%
11/2/2021,150.02,148.66,151.57,148.65,69.12M,0.71%
11/3/2021,151.49,150.39,151.97,149.82,54.51M,0.98%
11/4/2021,150.96,151.58,152.43,150.64,60.40M,-0.35%
11/5/2021,151.28,151.89,152.2,150.06,65.46M,0.21%
11/8/2021,150.44,151.41,151.57,150.16,55.02M,-0.56%
11/9/2021,150.81,150.2,151.43,150.06,56.79M,0.25%
11/10/2021,147.92,150.02,150.13,147.85,65.19M,-1.92%
11/11/2021,147.87,148.96,149.43,147.68,41.00M,-0.03%
11/12/2021,149.99,148.43,150.4,147.48,63.80M,1.43%
11/15/2021,150,150.37,151.88,149.43,59.22M,0.01%
11/16/2021,151,149.94,151.49,149.34,59.26M,0.67%
11/17/2021,153.49,150.99,155,150.99,88.81M,1.65%
11/18/2021,157.87,153.71,158.67,153.05,137.83M,2.85%
11/19/2021,160.55,157.65,161.02,156.53,117.31M,1.70%
11/22/2021,161.02,161.68,165.7,161,117.47M,0.29%
11/23/2021,161.41,161.12,161.8,159.06,96.04M,0.24%
11/24/2021,161.94,160.75,162.14,159.64,69.46M,0.33%
11/26/2021,156.81,159.57,160.45,156.36,76.96M,-3.17%
11/29/2021,160.24,159.37,161.19,158.79,88.75M,2.19%
11/30/2021,165.3,159.99,165.52,159.92,174.05M,3.16%
12/1/2021,164.77,167.48,170.3,164.53,152.42M,-0.32%
12/2/2021,163.76,158.74,164.2,157.8,136.74M,-0.61%
12/3/2021,161.84,164.02,164.96,159.72,118.02M,-1.17%
12/6/2021,165.32,164.29,167.88,164.28,107.50M,2.15%
12/7/2021,171.18,169.08,171.58,168.34,120.41M,3.54%
12/8/2021,175.08,172.13,175.96,170.7,117.00M,2.28%
12/9/2021,174.56,174.91,176.75,173.92,108.92M,-0.30%
12/10/2021,179.45,175.21,179.63,174.69,115.40M,2.80%
12/13/2021,175.74,181.12,182.13,175.53,153.24M,-2.07%
12/14/2021,174.33,175.25,177.74,172.21,139.38M,-0.80%
12/15/2021,179.3,175.11,179.5,172.31,131.06M,2.85%
12/16/2021,172.26,179.28,181.14,170.75,150.19M,-3.93%
12/17/2021,171.14,169.93,173.47,169.69,195.92M,-0.65%
12/20/2021,169.75,168.28,170.58,167.46,107.50M,-0.81%
12/21/2021,172.99,171.55,173.2,169.12,91.19M,1.91%
12/22/2021,175.64,173.04,175.86,172.15,92.14M,1.53%
12/23/2021,176.28,175.85,176.85,175.27,68.36M,0.36%
12/27/2021,180.33,177.09,180.42,177.07,74.92M,2.30%
12/28/2021,179.29,180.16,181.33,178.53,79.14M,-0.58%
12/29/2021,179.38,179.33,180.63,178.14,62.35M,0.05%
12/30/2021,178.2,179.47,180.57,178.09,59.77M,-0.66%
12/31/2021,177.57,178.09,179.23,177.26,64.06M,-0.35%
1/3/2022,182.01,177.83,182.88,177.71,104.70M,2.50%
1/4/2022,179.7,182.63,182.94,179.12,99.31M,-1.27%
1/5/2022,174.92,179.61,180.17,174.64,94.54M,-2.66%
1/6/2022,172,172.7,175.3,171.64,96.90M,-1.67%
1/7/2022,172.17,172.89,174.14,171.03,86.71M,0.10%
1/10/2022,172.19,169.08,172.5,168.17,106.77M,0.01%
1/11/2022,175.08,172.32,175.18,170.82,76.14M,1.68%
1/12/2022,175.53,176.12,177.18,174.82,74.81M,0.26%
1/13/2022,172.19,175.78,176.62,171.79,84.51M,-1.90%
1/14/2022,173.07,171.34,173.78,171.09,80.44M,0.51%
1/18/2022,169.8,171.51,172.54,169.4,91.17M,-1.89%
1/19/2022,166.23,170,171.08,165.94,94.82M,-2.10%
1/20/2022,164.51,166.98,169.68,164.18,91.42M,-1.03%
1/21/2022,162.41,164.41,166.33,162.3,122.85M,-1.28%
1/24/2022,161.62,160.02,162.3,154.7,162.71M,-0.49%
1/25/2022,159.78,158.98,162.76,157.02,115.80M,-1.14%
1/26/2022,159.69,163.5,164.39,157.82,108.28M,-0.06%
1/27/2022,159.22,162.45,163.84,158.28,121.96M,-0.29%
1/28/2022,170.33,165.71,170.35,162.8,179.94M,6.98%
1/31/2022,174.78,170.16,175,169.51,115.54M,2.61%
2/1/2022,174.61,174.01,174.84,172.31,86.21M,-0.10%
2/2/2022,175.84,174.74,175.88,173.33,84.91M,0.70%
2/3/2022,172.9,174.48,176.24,172.12,89.42M,-1.67%
2/4/2022,172.39,171.68,174.1,170.68,82.47M,-0.29%
2/7/2022,171.66,172.86,173.95,170.95,77.25M,-0.42%
2/8/2022,174.83,171.73,175.35,171.43,74.83M,1.85%
2/9/2022,176.28,176.05,176.65,174.9,71.29M,0.83%
2/10/2022,172.12,174.14,175.48,171.55,90.87M,-2.36%
2/11/2022,168.64,172.33,173.08,168.04,98.67M,-2.02%
2/14/2022,168.88,167.37,169.58,166.56,86.19M,0.14%
2/15/2022,172.79,170.97,172.95,170.25,64.29M,2.32%
2/16/2022,172.55,171.85,173.34,170.05,61.18M,-0.14%
2/17/2022,168.88,171.03,171.91,168.47,69.59M,-2.13%
2/18/2022,167.3,169.82,170.54,166.19,82.77M,-0.94%
2/22/2022,164.32,164.98,166.69,162.15,91.16M,-1.78%
2/23/2022,160.07,165.54,166.15,159.75,90.01M,-2.59%
2/24/2022,162.74,152.58,162.85,152,141.15M,1.67%
2/25/2022,164.85,163.84,165.12,160.87,91.97M,1.30%
2/28/2022,165.12,163.06,165.42,162.43,95.06M,0.16%
3/1/2022,163.2,164.7,166.6,161.97,83.47M,-1.16%
3/2/2022,166.56,164.39,167.36,162.95,79.73M,2.06%
3/3/2022,166.23,168.47,168.91,165.55,76.68M,-0.20%
3/4/2022,163.17,164.49,165.55,162.1,83.82M,-1.84%
3/7/2022,159.3,163.36,165.02,159.04,96.42M,-2.37%
3/8/2022,157.44,158.82,162.88,155.8,131.15M,-1.17%
3/9/2022,162.95,161.48,163.41,159.41,91.46M,3.50%
3/10/2022,158.52,160.2,160.39,155.98,105.34M,-2.72%
3/11/2022,154.73,158.93,159.28,154.5,96.97M,-2.39%
3/14/2022,150.62,151.45,154.12,150.1,108.73M,-2.66%
3/15/2022,155.09,150.9,155.57,150.38,92.96M,2.97%
3/16/2022,159.59,157.05,160,154.46,102.30M,2.90%
3/17/2022,160.62,158.61,161,157.63,75.62M,0.65%
3/18/2022,163.98,160.51,164.48,159.76,123.51M,2.09%
3/21/2022,165.38,163.51,166.35,163.01,95.81M,0.85%
3/22/2022,168.82,165.51,169.42,164.91,81.53M,2.08%
3/23/2022,170.21,167.99,172.64,167.65,98.06M,0.82%
3/24/2022,174.07,171.06,174.14,170.21,90.13M,2.27%
3/25/2022,174.72,173.88,175.28,172.75,80.55M,0.37%
3/28/2022,175.6,172.17,175.73,172,90.37M,0.50%
3/29/2022,178.96,176.69,179.01,176.34,100.59M,1.91%
3/30/2022,177.77,178.55,179.61,176.7,92.63M,-0.66%
3/31/2022,174.61,177.84,178.03,174.4,103.05M,-1.78%
4/1/2022,174.31,174.03,174.88,171.94,78.75M,-0.17%
4/4/2022,178.44,174.57,178.49,174.44,76.55M,2.37%
4/5/2022,175.06,177.5,178.3,174.41,73.40M,-1.89%
4/6/2022,171.83,172.36,173.63,170.13,89.06M,-1.85%
4/7/2022,172.14,171.16,173.36,169.85,77.60M,0.18%
4/8/2022,170.09,171.78,171.78,169.2,76.58M,-1.19%
4/11/2022,165.75,168.71,169.03,165.5,72.25M,-2.55%
4/12/2022,167.66,168.02,169.87,166.64,79.27M,1.15%
4/13/2022,170.4,167.39,171.04,166.77,70.62M,1.63%
4/14/2022,165.29,170.62,171.27,165.04,75.33M,-3.00%
4/18/2022,165.07,163.92,166.6,163.57,69.02M,-0.13%
4/19/2022,167.4,165.02,167.82,163.91,67.72M,1.41%
4/20/2022,167.23,168.76,168.88,166.1,67.93M,-0.10%
4/21/2022,166.42,168.91,171.53,165.91,87.23M,-0.48%
4/22/2022,161.79,166.46,167.87,161.5,84.88M,-2.78%
4/25/2022,162.88,161.12,163.17,158.46,96.05M,0.67%
4/26/2022,156.8,162.25,162.34,156.72,95.62M,-3.73%
4/27/2022,156.57,155.91,159.79,155.38,88.06M,-0.15%
4/28/2022,163.64,159.25,164.51,158.93,130.22M,4.52%
4/29/2022,157.65,161.84,166.2,157.25,131.75M,-3.66%
5/2/2022,157.96,156.71,158.23,153.27,123.06M,0.20%
5/3/2022,159.48,158.15,160.71,156.32,88.97M,0.96%
5/4/2022,166.02,159.67,166.48,159.26,108.26M,4.10%
5/5/2022,156.77,163.85,164.08,154.95,130.53M,-5.57%
5/6/2022,157.28,156.01,159.44,154.18,116.13M,0.33%
5/9/2022,152.06,154.93,155.83,151.49,131.58M,-3.32%
5/10/2022,154.51,155.52,156.74,152.93,115.37M,1.61%
5/11/2022,146.5,153.5,155.45,145.81,142.69M,-5.18%
5/12/2022,142.56,142.77,146.2,138.8,182.60M,-2.69%
5/13/2022,147.11,144.59,148.1,143.11,113.99M,3.19%
5/16/2022,145.54,145.55,147.52,144.18,86.64M,-1.07%
5/17/2022,149.24,148.86,149.77,146.68,78.34M,2.54%
5/18/2022,140.82,146.85,147.36,139.9,109.74M,-5.64%
5/19/2022,137.35,139.88,141.66,136.6,136.10M,-2.46%
5/20/2022,137.59,139.09,140.7,132.61,137.43M,0.17%
5/23/2022,143.11,137.79,143.26,137.65,117.73M,4.01%
5/24/2022,140.36,140.8,141.97,137.33,104.13M,-1.92%
5/25/2022,140.52,138.43,141.79,138.34,92.48M,0.11%
5/26/2022,143.78,137.39,144.34,137.14,90.60M,2.32%
5/27/2022,149.64,145.39,149.68,145.26,90.98M,4.08%
5/31/2022,148.84,149.07,150.66,146.84,103.72M,-0.53%
6/1/2022,148.71,149.9,151.74,147.68,74.29M,-0.09%
6/2/2022,151.21,147.83,151.27,146.86,72.35M,1.68%
6/3/2022,145.38,146.9,147.97,144.46,88.57M,-3.86%
6/6/2022,146.14,147.03,148.57,144.9,71.60M,0.52%
6/7/2022,148.71,144.35,149,144.1,67.81M,1.76%
6/8/2022,147.96,148.58,149.87,147.46,53.95M,-0.50%
6/9/2022,142.64,147.08,147.95,142.53,69.47M,-3.60%
6/10/2022,137.13,140.28,140.76,137.06,91.57M,-3.86%
6/13/2022,131.88,132.87,135.2,131.44,122.21M,-3.83%
6/14/2022,132.76,133.13,133.89,131.48,84.78M,0.67%
6/15/2022,135.43,134.29,137.34,132.16,91.53M,2.01%
6/16/2022,130.06,132.08,132.39,129.04,107.96M,-3.97%
6/17/2022,131.56,130.07,133.08,129.81,134.52M,1.15%
6/21/2022,135.87,133.42,137.06,133.32,81.00M,3.28%
6/22/2022,135.35,134.79,137.76,133.91,73.41M,-0.38%
6/23/2022,138.27,136.82,138.59,135.63,72.43M,2.16%
6/24/2022,141.66,139.9,141.91,139.77,89.12M,2.45%
6/27/2022,141.66,142.7,143.49,140.96,70.21M,0.00%
6/28/2022,137.44,142.13,143.42,137.32,67.32M,-2.98%
6/29/2022,139.23,137.46,140.67,136.67,66.24M,1.30%
6/30/2022,136.72,137.25,138.37,133.77,98.96M,-1.80%
7/1/2022,138.93,136.04,139.04,135.66,71.05M,1.62%
7/5/2022,141.56,137.77,141.61,136.93,73.43M,1.89%
7/6/2022,142.92,141.35,144.12,141.08,74.06M,0.96%
7/7/2022,146.35,143.29,146.55,143.28,66.25M,2.40%
7/8/2022,147.04,145.26,147.55,145,64.55M,0.47%
7/11/2022,144.87,145.67,146.64,143.78,63.31M,-1.48%
7/12/2022,145.86,145.76,148.45,145.05,77.59M,0.68%
7/13/2022,145.49,142.99,146.45,142.12,71.19M,-0.25%
7/14/2022,148.47,144.08,148.95,143.25,78.14M,2.05%
7/15/2022,150.17,149.78,150.86,148.2,76.26M,1.15%
7/18/2022,147.07,150.74,151.57,146.7,81.42M,-2.06%
7/19/2022,151,147.92,151.23,146.91,82.98M,2.67%
7/20/2022,153.04,151.12,153.72,150.37,64.82M,1.35%
7/21/2022,155.35,154.5,155.57,151.94,65.09M,1.51%
7/22/2022,154.09,155.39,156.28,153.41,66.68M,-0.81%
7/25/2022,152.95,154.01,155.04,152.28,53.62M,-0.74%
7/26/2022,151.6,152.26,153.09,150.8,55.14M,-0.88%
7/27/2022,156.79,152.58,157.33,152.16,78.62M,3.42%
7/28/2022,157.35,156.98,157.64,154.41,81.38M,0.36%
7/29/2022,162.51,161.24,163.63,159.5,101.79M,3.28%
8/1/2022,161.51,161.01,163.59,160.89,67.83M,-0.62%
8/2/2022,160.01,160.1,162.41,159.63,59.91M,-0.93%
8/3/2022,166.13,160.84,166.59,160.75,82.51M,3.82%
8/4/2022,165.81,166.01,167.19,164.43,55.47M,-0.19%
8/5/2022,165.35,163.21,165.85,163,56.70M,-0.28%
8/8/2022,164.87,166.37,167.81,164.2,60.36M,-0.29%
8/9/2022,164.92,164.02,165.82,163.25,63.14M,0.03%
8/10/2022,169.24,167.68,169.34,166.9,70.17M,2.62%
8/11/2022,168.49,170.06,170.99,168.19,57.15M,-0.44%
8/12/2022,172.1,169.82,172.17,169.4,68.04M,2.14%
8/15/2022,173.19,171.52,173.39,171.35,54.09M,0.63%
8/16/2022,173.03,172.78,173.71,171.66,56.38M,-0.09%
8/17/2022,174.55,172.77,176.15,172.57,79.54M,0.88%
8/18/2022,174.15,173.75,174.9,173.12,62.29M,-0.23%
8/19/2022,171.52,173.03,173.74,171.31,70.35M,-1.51%
8/22/2022,167.57,169.69,169.86,167.13,69.03M,-2.30%
8/23/2022,167.23,167.08,168.71,166.65,54.15M,-0.20%
8/24/2022,167.53,167.32,168.11,166.24,53.84M,0.18%
8/25/2022,170.03,168.78,170.14,168.35,51.22M,1.49%
8/26/2022,163.62,170.57,171.05,163.56,78.96M,-3.77%
8/29/2022,161.38,161.15,162.9,159.82,73.31M,-1.37%
8/30/2022,158.91,162.13,162.56,157.72,77.91M,-1.53%
8/31/2022,157.22,160.3,160.58,157.14,87.99M,-1.06%
9/1/2022,157.96,156.64,158.42,154.67,74.23M,0.47%
9/2/2022,155.81,159.75,160.36,154.96,76.96M,-1.36%
9/6/2022,154.53,156.47,157.09,153.69,73.72M,-0.82%
9/7/2022,155.96,154.82,156.67,153.61,87.45M,0.93%
9/8/2022,154.46,154.64,156.36,152.68,84.92M,-0.96%
9/9/2022,157.37,155.47,157.82,154.75,68.08M,1.88%
9/12/2022,163.43,159.59,164.26,159.3,104.96M,3.85%
9/13/2022,153.84,159.9,160.54,153.37,122.66M,-5.87%
9/14/2022,155.31,154.79,157.1,153.61,87.97M,0.96%
9/15/2022,152.37,154.65,155.24,151.38,90.48M,-1.89%
9/16/2022,150.7,151.21,151.35,148.37,162.28M,-1.10%
9/19/2022,154.48,149.31,154.56,149.1,81.47M,2.51%
9/20/2022,156.9,153.4,158.08,153.08,107.69M,1.57%
9/21/2022,153.72,157.34,158.74,153.6,101.70M,-2.03%
9/22/2022,152.74,152.38,154.47,150.91,86.65M,-0.64%
9/23/2022,150.43,151.19,151.47,148.56,96.03M,-1.51%
9/26/2022,150.77,149.66,153.77,149.64,93.34M,0.23%
9/27/2022,151.76,152.74,154.72,149.95,84.44M,0.66%
9/28/2022,149.84,147.64,150.64,144.84,146.69M,-1.27%
9/29/2022,142.48,146.1,146.72,140.68,128.14M,-4.91%
9/30/2022,138.2,141.28,143.1,138,124.93M,-3.00%
10/3/2022,142.45,138.21,143.07,137.68,114.31M,3.08%
10/4/2022,146.1,145.03,146.22,144.26,87.83M,2.56%
10/5/2022,146.4,144.07,147.38,143.01,79.47M,0.21%
10/6/2022,145.43,145.81,147.54,145.22,68.40M,-0.66%
10/7/2022,140.09,142.54,143.1,139.45,85.93M,-3.67%
10/10/2022,140.42,140.42,141.89,138.57,74.90M,0.24%
10/11/2022,138.98,139.9,141.35,138.22,77.03M,-1.03%
10/12/2022,138.34,139.13,140.36,138.16,70.43M,-0.46%
10/13/2022,142.99,134.99,143.59,134.37,113.22M,3.36%
10/14/2022,138.38,144.31,144.52,138.19,88.60M,-3.22%
10/17/2022,142.41,141.07,142.9,140.27,85.25M,2.91%
10/18/2022,143.75,145.49,146.7,140.61,99.14M,0.94%
10/19/2022,143.86,141.69,144.95,141.5,61.76M,0.08%
10/20/2022,143.39,143.02,145.89,142.65,64.52M,-0.33%
10/21/2022,147.27,142.87,147.85,142.65,86.55M,2.71%
10/24/2022,149.45,147.18,150.23,146,75.98M,1.48%
10/25/2022,152.34,150.09,152.49,149.36,74.73M,1.93%
10/26/2022,149.35,150.96,151.99,148.04,88.44M,-1.96%
10/27/2022,144.8,148.07,149.05,144.13,109.18M,-3.05%
10/28/2022,155.74,148.2,157.5,147.82,164.76M,7.56%
10/31/2022,153.34,153.15,154.24,151.92,97.94M,-1.54%
11/1/2022,150.65,155.08,155.45,149.13,80.38M,-1.75%
11/2/2022,145.03,148.95,152.17,145,93.61M,-3.73%
11/3/2022,138.88,142.06,142.8,138.75,97.92M,-4.24%
11/4/2022,138.38,142.09,142.67,134.38,140.82M,-0.36%
11/7/2022,138.92,137.11,139.15,135.67,83.38M,0.39%
11/8/2022,139.5,140.41,141.43,137.49,89.91M,0.42%
11/9/2022,134.87,138.5,138.55,134.59,74.92M,-3.32%
11/10/2022,146.87,141.24,146.87,139.5,118.85M,8.90%
11/11/2022,149.7,145.82,150.01,144.37,93.98M,1.93%
11/14/2022,148.28,148.97,150.28,147.43,73.37M,-0.95%
11/15/2022,150.04,152.21,153.59,148.56,89.87M,1.19%
11/16/2022,148.79,149.13,149.87,147.29,64.22M,-0.83%
11/17/2022,150.72,146.43,151.48,146.15,80.39M,1.30%
11/18/2022,151.29,152.3,152.7,149.97,74.83M,0.38%
11/21/2022,148.01,150.16,150.37,147.71,58.72M,-2.17%
11/22/2022,150.18,148.13,150.42,146.93,51.80M,1.47%
11/23/2022,151.07,149.45,151.83,149.34,58.30M,0.59%
11/25/2022,148.11,148.3,148.88,147.12,35.20M,-1.96%
11/28/2022,144.22,145.14,146.64,143.38,69.35M,-2.63%
11/29/2022,141.17,144.29,144.81,140.35,83.76M,-2.11%
11/30/2022,148.03,141.4,148.72,140.55,111.38M,4.86%
12/1/2022,148.31,148.21,149.13,146.61,71.25M,0.19%
12/2/2022,147.81,145.96,148,145.65,65.45M,-0.34%
12/5/2022,146.63,147.77,150.92,145.77,68.39M,-0.80%
12/6/2022,142.91,147.07,147.3,141.92,64.52M,-2.54%
12/7/2022,140.94,142.19,143.37,140,69.51M,-1.38%
12/8/2022,142.65,142.36,143.52,141.1,61.91M,1.21%
12/9/2022,142.16,142.34,145.57,140.9,76.10M,-0.34%
12/12/2022,144.49,142.7,144.5,141.06,70.31M,1.64%
12/13/2022,145.47,149.5,149.97,144.24,93.73M,0.68%
12/14/2022,143.21,145.35,146.65,141.16,82.29M,-1.55%
12/15/2022,136.5,141.11,141.8,136.02,97.25M,-4.69%
12/16/2022,134.51,136.68,137.65,133.73,160.16M,-1.46%
12/19/2022,132.37,135.11,135.2,131.32,79.15M,-1.59%
12/20/2022,132.3,131.39,133.25,129.89,77.08M,-0.05%
12/21/2022,135.45,132.98,136.81,132.75,85.75M,2.38%
12/22/2022,132.23,134.35,134.56,130.3,77.59M,-2.38%
12/23/2022,131.86,130.92,132.41,129.64,63.82M,-0.28%
12/27/2022,130.03,131.38,131.41,128.72,68.75M,-1.39%
12/28/2022,126.04,129.67,131.03,125.87,84.90M,-3.07%
12/29/2022,129.61,127.99,130.48,127.73,75.48M,2.83%
12/30/2022,129.93,128.41,129.95,127.43,77.03M,0.25%
1/3/2023,125.07,130.28,130.9,124.17,111.68M,-3.74%
1/4/2023,126.36,126.89,128.66,125.08,88.46M,1.03%
1/5/2023,125.02,127.13,127.77,124.76,79.97M,-1.06%
1/6/2023,129.62,126.01,130.29,124.89,87.76M,3.68%
1/9/2023,130.15,130.46,133.41,129.89,70.50M,0.41%
1/10/2023,130.73,130.26,131.26,128.12,63.43M,0.45%
1/11/2023,133.49,131.25,133.51,130.46,69.12M,2.11%
1/12/2023,133.41,133.88,134.26,131.44,71.25M,-0.06%
1/13/2023,134.76,132.03,134.92,131.66,57.81M,1.01%
1/17/2023,135.94,134.83,137.29,134.13,63.42M,0.88%
1/18/2023,135.21,136.82,138.61,135.03,69.67M,-0.54%
1/19/2023,135.27,134.08,136.25,133.77,58.07M,0.04%
1/20/2023,137.87,135.28,138.02,134.22,80.22M,1.92%
1/23/2023,141.11,138.12,143.32,137.9,81.57M,2.35%
1/24/2023,142.53,140.3,143.16,140.3,63.71M,1.01%
1/25/2023,141.86,140.89,142.43,138.81,64.69M,-0.47%
1/26/2023,143.96,143.17,144.25,141.9,53.65M,1.48%
1/27/2023,145.93,143.15,147.23,143.08,70.56M,1.37%
1/30/2023,143,144.96,145.55,142.85,62.98M,-2.01%
1/31/2023,144.29,142.7,144.34,142.28,65.87M,0.90%
2/1/2023,145.43,143.97,146.61,141.32,76.77M,0.79%
2/2/2023,150.82,148.9,151.18,148.17,104.48M,3.71%
2/3/2023,154.5,148.03,157.38,147.83,154.36M,2.44%
2/6/2023,151.73,152.57,153.1,150.78,68.02M,-1.79%
2/7/2023,154.65,150.64,155.23,150.64,83.03M,1.92%
2/8/2023,151.92,153.88,154.58,151.17,63.47M,-1.77%
2/9/2023,150.87,153.77,154.33,150.42,54.90M,-0.69%
2/10/2023,151.01,149.46,151.34,149.22,57.45M,0.09%
2/13/2023,153.85,150.95,154.26,150.92,61.86M,1.88%
2/14/2023,153.2,152.12,153.77,150.86,61.71M,-0.42%
2/15/2023,155.33,153.11,155.5,152.88,65.47M,1.39%
2/16/2023,153.71,153.51,156.33,153.35,66.84M,-1.04%
2/17/2023,152.55,152.35,153,150.85,59.14M,-0.75%
2/21/2023,148.48,150.2,151.3,148.4,58.87M,-2.67%
2/22/2023,148.91,148.87,149.95,147.16,51.01M,0.29%
2/23/2023,149.4,150.09,150.34,147.24,48.39M,0.33%
2/24/2023,146.71,147.11,147.19,145.72,55.47M,-1.80%
2/27/2023,147.92,147.71,149.17,147.45,45.00M,0.82%
2/28/2023,147.41,147.05,149.08,146.83,50.55M,-0.34%
3/1/2023,145.31,146.83,147.23,145.01,55.22M,-1.42%
3/2/2023,145.91,144.38,146.71,143.9,52.09M,0.41%
3/3/2023,151.03,148.04,151.11,147.33,70.50M,3.51%
3/6/2023,153.83,153.79,156.3,153.46,87.56M,1.85%
3/7/2023,151.6,153.7,154.03,151.13,56.18M,-1.45%
3/8/2023,152.87,152.81,153.47,151.83,47.20M,0.84%
3/9/2023,150.59,153.56,154.54,150.23,53.45M,-1.49%
3/10/2023,148.5,150.21,150.94,147.61,68.57M,-1.39%
3/13/2023,150.47,147.8,153.14,147.7,84.46M,1.33%
3/14/2023,152.59,151.28,153.4,150.1,73.37M,1.41%
3/15/2023,152.99,151.19,153.24,149.92,75.96M,0.26%
3/16/2023,155.85,152.16,156.46,151.64,76.02M,1.87%
3/17/2023,155,156.08,156.74,154.28,98.94M,-0.55%
3/20/2023,157.4,155.07,157.82,154.15,73.47M,1.55%
3/21/2023,159.28,157.32,159.4,156.54,73.76M,1.19%
3/22/2023,157.83,159.3,162.14,157.81,69.17M,-0.91%
3/23/2023,158.93,158.83,161.55,157.68,67.22M,0.70%
3/24/2023,160.25,158.86,160.34,157.85,59.26M,0.83%
3/27/2023,158.28,159.94,160.77,157.87,50.42M,-1.23%
3/28/2023,157.65,157.97,158.49,155.98,45.58M,-0.40%
3/29/2023,160.77,159.37,161.05,159.35,51.31M,1.98%
3/30/2023,162.36,161.53,162.47,161.27,46.81M,0.99%
3/31/2023,164.9,162.44,165,161.91,68.75M,1.56%
4/3/2023,166.17,164.27,166.29,164.22,54.97M,0.77%
4/4/2023,165.63,166.6,166.84,165.11,44.43M,-0.32%
4/5/2023,163.76,164.74,165.05,161.8,51.30M,-1.13%
4/6/2023,164.66,162.43,164.96,162,45.39M,0.55%
4/10/2023,162.03,161.42,162.03,160.08,47.03M,-1.60%
4/11/2023,160.8,162.35,162.36,160.51,46.31M,-0.76%
4/12/2023,160.1,161.22,162.06,159.78,49.40M,-0.44%
4/13/2023,165.56,161.63,165.8,161.42,67.16M,3.41%
4/14/2023,165.21,164.59,166.32,163.82,49.39M,-0.21%
4/17/2023,165.23,165.09,165.39,164.03,41.52M,0.01%
4/18/2023,166.47,166.1,167.41,165.65,48.41M,0.75%
4/19/2023,167.63,165.8,168.16,165.54,47.24M,0.70%
4/20/2023,166.65,166.09,167.87,165.56,52.46M,-0.58%
4/21/2023,165.02,165.05,166.45,164.49,58.34M,-0.98%
4/24/2023,165.33,165,165.6,163.89,38.99M,0.19%
4/25/2023,163.77,165.19,166.3,163.73,48.17M,-0.94%
4/26/2023,163.76,163.05,165.28,162.8,44.11M,-0.01%
4/27/2023,168.41,165.19,168.56,165.19,64.22M,2.84%
4/28/2023,169.68,168.49,169.85,167.88,55.28M,0.75%
5/1/2023,169.59,169.28,170.45,168.64,49.39M,-0.05%
5/2/2023,168.54,170.09,170.35,167.54,48.43M,-0.62%
5/3/2023,167.45,169.5,170.92,167.16,59.44M,-0.65%
5/4/2023,165.79,164.89,167.04,164.31,70.38M,-0.99%
5/5/2023,173.57,170.98,174.3,170.76,113.45M,4.69%
5/8/2023,173.5,172.48,173.85,172.11,55.96M,-0.04%
5/9/2023,171.77,173.05,173.54,171.6,45.33M,-1.00%
5/10/2023,173.55,173.02,174.03,171.9,53.72M,1.04%
5/11/2023,173.75,173.85,174.59,172.17,49.51M,0.11%
5/12/2023,172.57,173.62,174.06,171,45.53M,-0.68%
5/15/2023,172.07,173.16,173.21,171.47,37.18M,-0.29%
5/16/2023,172.07,171.99,173.14,171.8,42.11M,0.00%
5/17/2023,172.69,171.71,172.93,170.42,57.95M,0.36%
5/18/2023,175.05,173,175.24,172.58,65.09M,1.37%
5/19/2023,175.16,176.39,176.39,174.94,52.68M,0.06%
5/22/2023,174.2,173.98,174.71,173.45,43.31M,-0.55%
5/23/2023,171.56,173.13,173.38,171.27,49.18M,-1.52%
5/24/2023,171.84,171.09,172.42,170.52,43.49M,0.16%
5/25/2023,172.99,172.41,173.9,171.69,55.92M,0.67%
5/26/2023,175.43,173.32,175.77,173.11,54.83M,1.41%
5/30/2023,177.3,176.96,178.99,176.57,55.77M,1.07%
5/31/2023,177.25,177.32,179.35,176.76,99.31M,-0.03%
6/1/2023,180.09,177.7,180.12,176.93,65.30M,1.60%
6/2/2023,180.95,181.03,181.78,179.26,62.00M,0.48%
6/5/2023,179.58,182.63,184.95,178.04,121.32M,-0.76%
6/6/2023,179.21,179.96,180.12,177.43,64.34M,-0.21%
6/7/2023,177.82,178.44,181.21,177.32,61.94M,-0.78%
6/8/2023,180.57,177.9,180.84,177.46,50.21M,1.55%
6/9/2023,180.96,181.5,182.23,180.63,48.90M,0.22%
6/12/2023,183.79,181.27,183.89,180.97,53.57M,1.56%
6/13/2023,183.31,182.8,184.15,182.44,54.65M,-0.26%
6/14/2023,183.95,183.37,184.39,182.02,56.52M,0.35%
6/15/2023,186.01,183.96,186.52,183.78,65.28M,1.12%
6/16/2023,184.92,186.73,186.99,184.27,101.26M,-0.59%
6/20/2023,185.01,184.41,186.1,184.41,48.96M,0.05%
6/21/2023,183.96,184.9,185.41,182.59,49.36M,-0.57%
6/22/2023,187,183.74,187.04,183.67,50.84M,1.65%
6/23/2023,186.68,185.55,187.56,185.01,53.12M,-0.17%
6/26/2023,185.27,186.83,188.05,185.23,47.50M,-0.76%
6/27/2023,188.06,185.89,188.39,185.67,49.73M,1.51%
6/28/2023,189.25,187.93,189.9,187.6,50.90M,0.63%
6/29/2023,189.59,189.08,190.07,188.94,45.45M,0.18%
6/30/2023,193.97,191.63,194.48,191.26,85.21M,2.31%
7/3/2023,192.46,193.68,193.88,191.79,31.46M,-0.78%
7/5/2023,191.33,191.57,192.98,190.62,46.59M,-0.59%
7/6/2023,191.81,189.84,192.02,189.2,45.00M,0.25%
7/7/2023,190.68,191.41,192.67,190.24,46.82M,-0.59%
7/10/2023,188.61,189.26,189.99,187.04,59.10M,-1.09%
7/11/2023,188.08,189.16,189.3,186.6,46.42M,-0.28%
7/12/2023,189.77,189.68,191.7,188.47,59.77M,0.90%
7/13/2023,190.54,190.5,191.19,189.78,41.34M,0.41%
7/14/2023,190.69,190.23,191.18,189.63,41.62M,0.08%
7/17/2023,193.99,191.9,194.32,191.81,49.84M,1.73%
7/18/2023,193.73,193.35,194.33,192.41,48.20M,-0.13%
7/19/2023,195.1,193.1,198.23,192.65,80.51M,0.71%
7/20/2023,193.13,195.09,196.47,192.49,59.58M,-1.01%
7/21/2023,191.94,194.1,194.97,191.23,71.95M,-0.62%
7/24/2023,192.75,193.41,194.91,192.25,44.86M,0.42%
7/25/2023,193.62,193.33,194.44,192.91,37.28M,0.45%
7/26/2023,194.5,193.67,195.64,193.32,47.47M,0.45%
7/27/2023,193.22,196.02,197.2,192.55,47.46M,-0.66%
7/28/2023,195.83,194.67,196.63,194.14,48.29M,1.35%
7/31/2023,196.45,196.06,196.49,195.26,38.59M,0.32%
8/1/2023,195.6,196.24,196.73,195.28,34.73M,-0.43%
8/2/2023,192.58,195.04,195.18,191.85,48.90M,-1.55%
8/3/2023,191.17,191.57,192.37,190.69,52.60M,-0.73%
8/4/2023,181.99,185.52,187.38,181.92,115.96M,-4.80%
8/7/2023,178.85,182.13,183.13,177.35,97.58M,-1.73%
8/8/2023,179.8,179.69,180.27,177.58,67.60M,0.53%
8/9/2023,178.19,180.87,180.93,177.01,57.80M,-0.90%
8/10/2023,177.97,179.48,180.75,177.6,52.60M,-0.12%
8/11/2023,177.79,177.32,178.62,176.55,52.04M,-0.10%
8/14/2023,179.46,177.97,179.69,177.3,43.68M,0.94%
8/15/2023,177.45,178.88,179.48,177.05,43.37M,-1.12%
8/16/2023,176.57,177.13,178.54,176.5,45.60M,-0.50%
8/17/2023,174,177.14,177.51,173.48,61.25M,-1.46%
8/18/2023,174.49,172.3,175.1,171.96,61.17M,0.28%
8/21/2023,175.84,175.07,176.13,173.74,44.99M,0.77%
8/22/2023,177.23,177.06,177.68,176.25,41.38M,0.79%
8/23/2023,181.12,178.52,181.55,178.32,51.47M,2.19%
8/24/2023,176.38,180.67,181.1,176.01,53.22M,-2.62%
8/25/2023,178.61,177.38,179.15,175.82,51.45M,1.26%
8/28/2023,180.19,180.09,180.59,178.54,42.71M,0.88%
8/29/2023,184.12,179.7,184.9,179.5,52.36M,2.18%
8/30/2023,187.65,184.94,187.85,184.74,60.59M,1.92%
8/31/2023,187.87,187.84,189.12,187.48,60.21M,0.12%
9/1/2023,189.46,189.49,189.92,188.28,45.77M,0.85%
9/5/2023,189.7,188.28,189.98,187.61,44.73M,0.13%
9/6/2023,182.91,188.4,188.85,181.47,81.16M,-3.58%
9/7/2023,177.56,175.18,178.21,173.54,111.94M,-2.92%
9/8/2023,178.18,178.35,180.24,177.79,65.60M,0.35%
9/11/2023,179.36,180.07,180.3,177.34,58.33M,0.66%
9/12/2023,176.3,179.49,180.13,174.82,89.92M,-1.71%
9/13/2023,174.21,176.51,177.3,173.98,83.45M,-1.19%
9/14/2023,175.74,174,176.1,173.58,59.63M,0.88%
9/15/2023,175.01,176.48,176.49,173.82,109.26M,-0.42%
9/18/2023,177.97,176.48,179.38,176.17,65.11M,1.69%
9/19/2023,179.07,177.52,179.63,177.13,50.49M,0.62%
9/20/2023,175.49,179.26,179.7,175.4,55.69M,-2.00%
9/21/2023,173.93,174.55,176.3,173.86,61.71M,-0.89%
9/22/2023,174.79,174.67,177.08,174.05,56.73M,0.49%
9/25/2023,176.08,174.2,176.97,174.15,45.99M,0.74%
9/26/2023,171.96,174.82,175.2,171.66,64.23M,-2.34%
9/27/2023,170.43,172.62,173.04,169.05,66.50M,-0.89%
9/28/2023,170.69,169.34,172.03,167.62,56.14M,0.15%
9/29/2023,171.21,172.02,173.07,170.34,51.86M,0.30%
10/2/2023,173.75,171.22,174.3,170.93,52.16M,1.48%
10/3/2023,172.4,172.26,173.63,170.82,49.04M,-0.78%
10/4/2023,173.66,171.09,174.21,170.97,52.74M,0.73%
10/5/2023,174.91,173.79,175.45,172.68,48.38M,0.72%
10/6/2023,177.49,173.8,177.99,173.18,57.27M,1.48%
10/9/2023,178.99,176.81,179.05,175.8,42.39M,0.85%
10/10/2023,178.39,178.1,179.72,177.95,43.65M,-0.34%
10/11/2023,179.8,178.2,179.85,177.6,47.04M,0.79%
10/12/2023,180.71,180.07,182.34,179.04,56.55M,0.51%
10/13/2023,178.85,181.42,181.93,178.14,51.46M,-1.03%
10/16/2023,178.72,176.75,179.07,176.51,52.17M,-0.07%
10/17/2023,177.15,176.65,178.42,174.8,57.42M,-0.88%
10/18/2023,175.84,175.58,177.57,175.11,54.49M,-0.74%
10/19/2023,175.46,176.04,177.84,175.19,57.62M,-0.22%
10/20/2023,172.88,175.31,175.42,172.64,64.24M,-1.47%
10/23/2023,173,170.91,174.01,169.93,55.24M,0.07%
10/24/2023,173.44,173.05,173.67,171.45,43.58M,0.25%
10/25/2023,171.1,171.88,173.06,170.65,56.60M,-1.35%
10/26/2023,166.89,170.37,171.38,165.67,69.45M,-2.46%
10/27/2023,168.22,166.91,168.96,166.83,58.50M,0.80%
10/30/2023,170.29,169.02,171.17,168.87,50.47M,1.23%
10/31/2023,170.77,169.35,170.9,167.9,43.52M,0.28%
11/1/2023,173.97,171,174.23,170.12,56.93M,1.87%
11/2/2023,177.57,175.52,177.78,175.46,67.02M,2.07%
11/3/2023,176.65,174.24,176.82,173.35,79.83M,-0.52%
11/6/2023,179.23,176.38,179.43,176.21,63.65M,1.46%
11/7/2023,181.82,179.18,182.44,178.97,70.21M,1.45%
11/8/2023,182.89,182.35,183.45,181.59,49.18M,0.59%
11/9/2023,182.41,182.96,184.12,181.81,52.45M,-0.26%
11/10/2023,186.4,183.97,186.57,183.53,66.18M,2.19%
11/13/2023,184.8,185.82,186.03,184.21,41.97M,-0.86%
11/14/2023,187.44,187.7,188.11,186.3,59.71M,1.43%
11/15/2023,188.01,187.85,189.5,187.78,53.23M,0.30%
11/16/2023,189.71,189.57,190.96,188.65,53.99M,0.90%
11/17/2023,189.69,190.25,190.38,188.57,50.94M,-0.01%
11/20/2023,191.45,189.89,191.9,189.88,46.54M,0.93%
11/21/2023,190.64,191.41,191.52,189.74,38.13M,-0.42%
11/22/2023,191.31,191.49,192.93,190.82,39.63M,0.35%
11/24/2023,189.97,190.87,190.9,189.25,24.04M,-0.70%
11/27/2023,189.79,189.92,190.67,188.9,40.40M,-0.09%
11/28/2023,190.4,189.78,191.08,189.4,37.79M,0.32%
11/29/2023,189.37,190.9,192.09,188.97,37.94M,-0.54%
11/30/2023,189.95,189.84,190.32,188.19,47.99M,0.31%
12/1/2023,191.24,190.33,191.56,189.23,45.70M,0.68%
12/4/2023,189.43,189.98,190.05,187.45,43.07M,-0.95%
12/5/2023,193.42,190.21,194.4,190.18,65.35M,2.11%
12/6/2023,192.32,194.45,194.76,192.11,40.90M,-0.57%
12/7/2023,194.27,193.63,195,193.59,47.34M,1.01%
12/8/2023,195.69,194.19,195.99,193.68,40.95M,0.73%
