,Date,Price,Open,High,Low,Vol.,Change %
0,1/2/2018,51.02,51.38,51.4,50.78,8.46M,0.12%
1,1/3/2018,51.62,52.54,52.56,51.42,9.92M,1.18%
2,1/4/2018,51.08,52.12,52.18,50.64,11.64M,-1.05%
3,1/5/2018,52.12,51.3,52.12,51.2,9.33M,2.04%
4,1/8/2018,52.02,52.4,52.52,51.5,8.36M,-0.19%
5,1/9/2018,50.4,51.46,51.72,49.98,17.83M,-3.11%
6,1/10/2018,48.84,50.5,50.52,48.64,18.53M,-3.10%
7,1/11/2018,48.24,48.2,49.26,48.02,23.95M,-1.23%
8,1/12/2018,48.2,48.24,48.48,46.76,26.77M,-0.08%
9,1/15/2018,48.54,48.8,48.98,47.92,10.08M,0.71%
10,1/16/2018,50.0,48.76,50.14,48.62,13.20M,3.01%
11,1/17/2018,49.62,50.02,50.02,49.06,10.57M,-0.76%
12,1/18/2018,49.9,50.02,50.64,49.82,14.56M,0.56%
13,1/19/2018,49.32,50.38,50.38,49.04,9.04M,-1.16%
14,1/22/2018,48.24,48.64,48.68,47.96,12.31M,-2.19%
15,1/23/2018,49.16,48.66,49.16,48.3,12.86M,1.91%
16,1/24/2018,49.34,48.86,49.7,48.56,9.17M,0.37%
17,1/25/2018,50.26,49.22,50.36,49.16,10.99M,1.86%
18,1/26/2018,50.78,50.5,50.78,49.84,10.34M,1.03%
19,1/29/2018,51.22,51.2,51.48,50.9,11.64M,0.87%
20,1/30/2018,49.8,50.44,50.64,49.78,12.20M,-2.77%
21,1/31/2018,49.9,50.02,54.14,49.6,64.19M,0.20%
22,2/1/2018,49.82,50.62,50.96,49.72,25.79M,-0.16%
23,2/2/2018,47.7,49.38,49.4,47.7,27.89M,-4.26%
24,2/5/2018,47.92,46.5,48.32,46.0,25.87M,0.46%
25,2/6/2018,47.42,46.6,47.92,46.58,18.25M,-1.04%
26,2/7/2018,45.8,48.24,48.26,45.8,23.37M,-3.42%
27,2/8/2018,46.0,46.12,46.62,45.98,22.48M,0.44%
28,2/9/2018,44.7,44.44,45.18,44.42,17.40M,-2.83%
29,2/12/2018,45.72,45.1,46.32,45.04,15.55M,2.28%
30,2/13/2018,47.54,46.2,48.06,46.2,18.75M,3.98%
31,2/14/2018,49.0,48.08,49.1,47.94,16.88M,3.07%
32,2/19/2018,48.38,49.8,49.8,47.86,14.77M,-1.27%
33,2/20/2018,47.4,48.04,48.16,47.22,10.10M,-2.03%
34,2/21/2018,47.28,47.28,47.58,46.84,12.81M,-0.25%
35,2/22/2018,46.76,47.26,47.26,46.76,8.67M,-1.10%
36,2/23/2018,47.22,46.76,47.8,46.76,12.09M,0.98%
37,2/26/2018,47.38,47.28,47.56,47.08,8.20M,0.34%
38,2/27/2018,47.38,48.36,48.38,47.38,9.41M,0.00%
39,2/28/2018,47.06,47.38,48.1,47.0,14.97M,-0.68%
40,3/2/2018,46.02,46.58,46.8,46.0,13.11M,-2.21%
41,3/5/2018,45.2,45.82,46.16,45.08,13.27M,-1.78%
42,3/6/2018,47.02,45.92,47.1,45.82,15.12M,4.03%
43,3/7/2018,48.62,48.2,48.9,47.22,21.20M,3.40%
44,3/8/2018,49.2,49.2,49.48,48.08,19.43M,1.19%
45,3/9/2018,49.74,49.44,50.54,49.24,14.23M,1.10%
46,3/12/2018,49.74,50.56,50.78,49.58,8.64M,0.00%
47,3/13/2018,51.66,50.76,51.66,50.36,20.06M,3.86%
48,3/14/2018,51.76,51.02,52.0,51.0,12.51M,0.19%
49,3/15/2018,51.54,52.0,52.02,51.02,8.64M,-0.43%
50,3/16/2018,51.14,51.22,51.42,50.24,12.11M,-0.78%
51,3/19/2018,50.74,50.62,51.34,50.44,8.21M,-0.78%
52,3/20/2018,51.2,50.7,51.2,50.1,8.08M,0.91%
53,3/21/2018,51.06,51.78,51.78,51.06,8.33M,-0.27%
54,3/22/2018,51.78,51.06,51.78,51.04,8.28M,1.41%
55,3/23/2018,49.72,50.34,50.72,49.6,14.66M,-3.98%
56,3/26/2018,50.28,49.42,50.28,49.04,10.04M,1.13%
57,3/27/2018,49.98,50.32,50.46,49.08,11.84M,-0.60%
58,3/28/2018,48.7,49.1,49.1,48.34,15.06M,-2.56%
59,3/29/2018,49.04,48.7,49.56,48.32,9.69M,0.70%
60,3/30/2018,49.22,49.08,49.9,49.08,7.75M,0.37%
61,4/2/2018,48.54,49.0,49.22,48.5,7.10M,-1.38%
62,4/3/2018,48.12,47.88,48.14,47.28,12.69M,-0.87%
63,4/4/2018,46.92,48.16,48.26,46.92,12.31M,-2.49%
64,4/5/2018,48.74,47.4,49.38,47.34,13.24M,3.88%
65,4/6/2018,48.4,48.0,48.58,47.4,10.95M,-0.70%
66,4/9/2018,49.2,48.26,49.44,48.2,9.88M,1.65%
67,4/10/2018,48.88,48.54,49.22,48.04,10.93M,-0.65%
68,4/11/2018,48.86,49.9,49.9,48.6,10.03M,-0.04%
69,4/12/2018,49.0,49.44,49.44,48.88,12.45M,0.29%
70,4/13/2018,49.8,49.6,50.18,49.4,10.26M,1.63%
71,4/16/2018,50.34,50.32,50.6,49.86,7.69M,1.08%
72,4/17/2018,49.98,50.24,50.54,49.82,7.76M,-0.72%
73,4/18/2018,51.36,51.0,51.36,50.58,13.44M,2.76%
74,4/19/2018,52.78,52.0,52.98,51.54,17.13M,2.76%
75,4/20/2018,51.62,51.8,52.26,51.42,11.65M,-2.20%
76,4/23/2018,51.9,51.0,52.08,51.0,8.85M,0.54%
77,4/24/2018,50.46,51.84,51.86,50.08,15.70M,-2.77%
78,4/25/2018,50.4,49.22,50.5,49.22,16.55M,-0.12%
79,4/26/2018,52.14,50.42,52.16,50.4,17.92M,3.45%
80,4/27/2018,53.0,53.38,53.64,52.44,28.28M,1.65%
81,5/4/2018,51.9,53.0,53.9,51.8,39.42M,-2.08%
82,5/8/2018,52.6,52.6,53.2,51.9,22.96M,1.35%
83,5/9/2018,50.9,52.6,52.8,50.9,15.96M,-3.23%
84,5/10/2018,51.6,51.7,51.7,50.6,13.76M,1.38%
85,5/11/2018,51.3,52.0,52.2,51.2,10.14M,-0.58%
86,5/14/2018,50.1,51.0,51.1,49.9,14.84M,-2.34%
87,5/15/2018,49.2,50.2,50.4,49.1,17.01M,-1.80%
88,5/16/2018,49.85,49.2,50.2,49.15,15.24M,1.32%
89,5/17/2018,49.4,50.3,50.5,49.4,10.30M,-0.90%
90,5/18/2018,49.5,49.9,49.9,49.35,6.64M,0.20%
91,5/21/2018,50.0,49.65,50.2,49.1,8.62M,1.01%
92,5/23/2018,51.8,50.6,52.0,50.4,17.00M,3.60%
93,5/24/2018,51.4,52.0,52.0,51.1,8.18M,-0.77%
94,5/25/2018,52.7,51.0,52.8,50.8,15.17M,2.53%
95,5/28/2018,52.3,52.5,53.0,52.0,9.75M,-0.76%
96,5/29/2018,51.3,52.2,52.5,51.3,8.43M,-1.91%
97,5/30/2018,49.5,51.3,51.5,49.1,20.20M,-3.51%
98,5/31/2018,50.7,50.4,50.8,49.85,35.94M,2.42%
99,6/1/2018,51.3,50.5,51.7,49.95,12.44M,1.18%
100,6/4/2018,51.1,50.8,51.2,50.7,9.29M,-0.39%
101,6/5/2018,51.3,51.1,51.4,50.4,8.86M,0.39%
102,6/7/2018,50.6,51.8,51.8,50.5,13.17M,-1.36%
103,6/8/2018,49.65,50.2,50.4,49.6,16.58M,-1.88%
104,6/11/2018,49.9,49.75,50.3,49.35,10.50M,0.50%
105,6/12/2018,49.4,49.7,49.8,49.25,11.43M,-1.00%
106,6/14/2018,48.2,49.0,49.0,48.2,19.00M,-2.43%
107,6/15/2018,47.65,48.5,48.7,47.65,16.84M,-1.14%
108,6/18/2018,46.6,47.6,47.65,46.2,16.62M,-2.20%
109,6/19/2018,47.0,47.2,47.35,46.5,15.17M,0.86%
110,6/20/2018,47.0,47.45,47.6,46.85,11.31M,0.00%
111,6/21/2018,47.05,47.9,47.9,47.05,9.98M,0.11%
112,6/22/2018,47.25,47.0,47.25,46.2,10.25M,0.43%
113,6/25/2018,46.65,47.05,47.05,46.15,9.52M,-1.27%
114,6/26/2018,47.0,45.9,47.3,45.9,11.14M,0.75%
115,6/27/2018,47.95,47.45,48.5,47.0,15.09M,2.02%
116,6/28/2018,46.8,46.85,47.15,46.6,12.08M,-2.40%
117,6/29/2018,46.65,46.25,47.15,46.2,13.69M,-0.32%
118,7/2/2018,45.55,46.5,47.15,45.5,12.75M,-2.36%
119,7/3/2018,46.15,45.75,46.45,45.75,10.43M,1.32%
120,7/4/2018,46.25,46.7,47.05,46.05,8.13M,0.22%
121,7/5/2018,45.95,46.1,46.55,45.6,6.91M,-0.65%
122,7/6/2018,44.9,45.5,45.85,44.65,17.78M,-2.29%
123,7/9/2018,45.6,45.5,46.1,45.2,11.59M,1.56%
124,7/10/2018,46.3,46.2,46.55,46.1,9.27M,1.54%
125,7/11/2018,46.0,46.4,46.45,45.4,10.82M,-0.65%
126,7/12/2018,45.5,45.9,46.25,45.45,11.78M,-1.09%
127,7/13/2018,46.5,45.8,46.5,45.75,10.96M,2.20%
128,7/16/2018,46.05,46.8,46.8,46.0,7.54M,-0.97%
129,7/17/2018,45.85,46.15,46.2,45.6,8.76M,-0.43%
130,7/18/2018,46.55,46.7,47.2,46.45,10.88M,1.53%
131,7/19/2018,46.9,47.05,47.2,46.6,9.70M,0.75%
132,7/20/2018,47.45,47.0,47.6,46.7,10.23M,1.17%
133,7/23/2018,46.5,47.1,47.2,46.15,10.81M,-2.00%
134,7/24/2018,46.15,46.35,46.6,45.95,7.92M,-0.75%
135,7/25/2018,46.15,46.25,46.55,45.9,7.21M,0.00%
136,7/26/2018,46.9,46.1,47.0,46.0,7.34M,1.63%
137,7/27/2018,46.9,46.45,47.0,46.45,4.75M,0.00%
138,7/30/2018,46.5,46.55,46.8,46.35,5.52M,-0.85%
139,7/31/2018,46.25,46.2,46.45,46.0,7.59M,-0.54%
140,8/1/2018,46.55,46.05,46.85,46.05,7.09M,0.65%
141,8/2/2018,45.55,46.55,46.8,45.5,7.93M,-2.15%
142,8/3/2018,45.75,45.85,45.9,45.45,7.44M,0.44%
143,8/6/2018,45.8,46.15,46.15,45.75,6.70M,0.11%
144,8/7/2018,46.7,46.3,46.75,45.9,9.02M,1.97%
145,8/8/2018,46.8,47.0,47.0,46.55,6.37M,0.21%
146,8/9/2018,46.9,47.0,47.05,46.45,11.40M,0.21%
147,8/10/2018,45.4,46.15,46.4,44.85,16.53M,-3.20%
148,8/13/2018,45.05,44.95,45.1,44.65,9.78M,-0.77%
149,8/14/2018,45.15,44.85,45.4,44.85,6.37M,0.22%
150,8/16/2018,44.25,43.8,44.65,43.7,10.07M,-1.99%
151,8/17/2018,44.1,44.05,44.4,44.05,6.54M,-0.34%
152,8/20/2018,43.85,43.5,44.2,43.5,7.20M,-0.57%
153,8/21/2018,44.8,43.7,44.9,43.7,9.47M,2.17%
154,8/22/2018,46.1,45.15,46.2,44.9,11.63M,2.90%
155,8/23/2018,46.2,46.15,46.2,45.7,6.60M,0.22%
156,8/24/2018,46.15,45.9,46.4,45.55,6.44M,-0.11%
157,8/27/2018,46.3,46.1,46.55,46.0,5.11M,0.33%
158,8/28/2018,46.55,46.8,46.95,46.3,7.23M,0.54%
159,8/29/2018,46.8,46.75,46.8,46.4,5.50M,0.54%
160,8/30/2018,47.65,46.95,47.95,46.7,12.16M,1.82%
161,8/31/2018,48.45,47.1,48.45,47.0,13.51M,1.68%
162,9/3/2018,47.45,48.2,48.3,47.3,7.91M,-2.06%
163,9/4/2018,47.65,47.55,47.8,47.2,6.61M,0.42%
164,9/5/2018,46.6,47.3,47.45,46.4,9.10M,-2.20%
165,9/6/2018,46.1,46.2,46.4,45.8,8.57M,-1.07%
166,9/7/2018,44.9,44.5,45.2,44.4,17.73M,-2.60%
167,9/10/2018,45.5,45.45,45.55,45.0,7.87M,1.34%
168,9/11/2018,45.05,45.55,45.9,45.05,7.81M,-0.99%
169,9/12/2018,44.55,44.9,45.1,44.5,11.17M,-1.11%
170,9/13/2018,44.05,44.55,44.75,44.0,17.93M,-1.12%
171,9/14/2018,45.85,45.0,45.85,44.9,12.03M,4.09%
172,9/17/2018,45.15,45.55,45.8,44.9,8.10M,-1.53%
173,9/18/2018,45.5,44.95,45.9,44.7,8.97M,0.78%
174,9/19/2018,46.15,46.0,46.2,45.7,9.26M,1.43%
175,9/20/2018,47.25,46.85,47.6,46.4,13.40M,2.38%
176,9/21/2018,47.4,46.55,47.55,46.55,14.39M,0.32%
177,9/27/2018,47.5,46.95,47.5,46.45,15.26M,0.21%
178,9/28/2018,46.45,47.25,47.25,46.3,10.81M,-2.21%
179,10/1/2018,46.35,46.45,46.8,45.8,6.31M,-0.22%
180,10/2/2018,45.7,46.45,46.7,45.7,6.34M,-1.40%
181,10/4/2018,44.7,45.15,45.6,44.7,11.34M,-2.19%
182,10/5/2018,44.7,44.8,45.5,44.55,10.51M,0.00%
183,10/8/2018,44.95,44.2,45.2,44.2,6.57M,0.56%
184,10/10/2018,45.3,45.25,45.5,44.5,9.75M,0.78%
185,10/11/2018,43.1,44.0,44.65,43.1,18.87M,-4.86%
186,10/12/2018,44.0,43.2,44.65,43.2,12.37M,2.09%
187,10/15/2018,43.8,44.05,44.05,43.35,7.19M,-0.45%
188,10/16/2018,43.6,43.7,44.15,43.35,6.80M,-0.46%
189,10/17/2018,44.15,44.15,44.5,44.0,8.30M,1.26%
190,10/18/2018,44.05,43.95,44.45,43.7,8.09M,-0.23%
191,10/19/2018,43.9,43.9,44.15,43.45,7.78M,-0.34%
192,10/22/2018,43.55,43.45,43.95,43.2,7.79M,0.23%
193,10/23/2018,43.05,43.3,43.45,42.55,9.44M,-1.15%
194,10/24/2018,42.55,43.05,43.1,42.25,13.49M,-1.16%
195,10/25/2018,41.0,40.6,41.55,40.55,18.58M,-3.64%
196,10/26/2018,41.0,41.1,41.3,40.4,14.00M,0.00%
197,10/29/2018,41.4,40.85,41.95,40.55,13.03M,0.98%
198,10/30/2018,42.35,41.4,43.0,41.0,14.19M,2.29%
199,10/31/2018,42.4,42.9,43.35,41.7,16.99M,0.12%
200,11/1/2018,42.15,42.45,42.95,42.15,12.92M,-0.59%
201,11/2/2018,44.15,43.05,44.25,42.8,16.50M,4.74%
202,11/5/2018,43.8,43.75,43.8,42.9,9.18M,0.23%
203,11/6/2018,43.75,43.75,43.8,42.95,7.36M,-0.11%
204,11/7/2018,44.0,43.6,44.5,43.4,11.54M,0.57%
205,11/8/2018,44.05,44.9,45.05,44.05,12.32M,0.11%
206,11/9/2018,44.3,44.45,44.85,43.9,7.19M,0.57%
207,11/12/2018,45.2,43.85,45.25,43.7,8.49M,3.20%
208,11/13/2018,44.5,43.9,44.5,43.4,9.02M,-1.55%
209,11/14/2018,44.1,44.5,44.5,43.8,6.56M,-0.90%
210,11/15/2018,44.25,44.05,44.35,43.5,5.85M,0.34%
211,11/16/2018,44.0,44.6,44.75,43.7,7.75M,-0.56%
212,11/19/2018,43.65,44.05,44.25,43.45,7.50M,-0.34%
213,11/20/2018,42.8,42.45,43.0,42.1,9.32M,-1.95%
214,11/21/2018,42.1,41.8,42.3,41.8,10.68M,-1.64%
215,11/22/2018,42.45,42.0,42.65,42.0,5.95M,0.83%
216,11/23/2018,42.4,42.45,42.6,41.9,5.18M,-0.12%
217,11/26/2018,42.6,42.15,42.8,42.1,5.96M,0.71%
218,11/27/2018,43.05,42.9,43.1,42.5,8.15M,1.06%
219,11/28/2018,43.15,42.8,43.2,42.75,6.86M,0.23%
220,11/29/2018,43.15,43.85,43.85,42.9,8.44M,0.00%
221,11/30/2018,41.85,43.45,44.0,41.75,19.08M,-3.01%
222,12/3/2018,43.25,42.75,43.4,42.4,11.62M,3.35%
223,12/4/2018,42.15,42.65,42.9,41.9,13.97M,-2.54%
224,12/5/2018,41.45,40.9,41.75,40.85,12.03M,-1.66%
225,12/6/2018,40.5,40.6,41.1,40.45,14.06M,-2.29%
226,12/7/2018,40.95,40.9,41.4,40.85,11.41M,1.11%
227,12/10/2018,40.2,40.45,40.65,40.0,13.29M,-1.83%
228,12/11/2018,40.25,40.6,40.7,40.2,10.60M,0.12%
229,12/12/2018,40.45,40.25,40.7,40.15,10.61M,0.50%
230,12/13/2018,40.0,40.65,40.75,40.0,22.70M,-1.11%
231,12/14/2018,38.95,40.2,40.2,38.7,18.81M,-2.63%
232,12/17/2018,39.15,38.65,39.6,38.65,11.44M,0.51%
233,12/18/2018,38.9,38.3,39.2,38.3,10.79M,-0.64%
234,12/19/2018,39.1,38.9,39.35,38.85,9.51M,0.51%
235,12/20/2018,38.65,38.6,39.1,38.5,10.56M,-1.15%
236,12/21/2018,38.65,38.2,38.65,38.1,14.04M,0.00%
237,12/24/2018,38.8,38.5,39.05,38.3,9.72M,0.39%
238,12/26/2018,38.35,38.4,38.75,38.3,12.61M,-1.16%
239,12/27/2018,38.25,38.7,38.8,38.1,10.46M,-0.26%
240,12/28/2018,38.7,38.25,38.9,38.2,9.72M,1.18%
241,1/2/2019,38.75,39.4,39.4,38.55,7.79M,0.13%
242,1/3/2019,37.6,38.3,38.55,37.45,12.44M,-2.97%
243,1/4/2019,37.45,37.45,37.6,36.85,13.30M,-0.40%
244,1/7/2019,38.75,38.0,38.9,37.8,11.94M,3.47%
245,1/8/2019,38.1,38.0,39.2,37.95,12.64M,-1.68%
246,1/9/2019,39.6,38.65,39.6,38.3,16.96M,3.94%
247,1/10/2019,39.8,40.0,40.15,39.6,14.33M,0.51%
248,1/11/2019,40.5,40.35,40.55,39.95,11.23M,1.76%
249,1/14/2019,40.05,40.45,40.7,39.85,11.98M,-1.11%
250,1/15/2019,41.1,40.05,41.1,39.85,11.22M,2.62%
251,1/16/2019,41.45,41.15,41.45,40.7,8.48M,0.85%
252,1/17/2019,41.95,41.7,42.1,41.45,11.57M,1.21%
253,1/18/2019,42.3,42.0,42.4,41.95,9.73M,0.83%
254,1/21/2019,42.75,42.7,42.75,41.9,11.34M,1.06%
255,1/22/2019,42.15,42.75,42.85,41.85,9.91M,-1.40%
256,1/23/2019,42.0,41.35,42.25,41.35,10.38M,-0.36%
257,1/24/2019,43.05,43.05,43.1,42.35,14.17M,2.50%
258,1/25/2019,44.75,44.3,44.75,43.75,21.94M,3.95%
259,1/28/2019,45.05,45.0,45.5,44.6,17.60M,0.67%
260,1/29/2019,45.5,45.05,45.5,44.35,15.05M,1.00%
261,1/30/2019,46.4,44.8,46.4,44.8,17.06M,1.98%
262,1/31/2019,46.15,46.65,47.05,46.15,21.47M,-0.54%
263,2/1/2019,46.35,46.65,46.95,46.25,13.63M,0.43%
264,2/7/2019,46.2,46.8,47.1,46.2,15.64M,-0.32%
265,2/8/2019,44.8,45.7,45.7,44.65,12.49M,-3.03%
266,2/11/2019,45.0,44.5,45.0,44.25,10.23M,0.45%
267,2/12/2019,46.05,44.65,46.25,44.65,12.99M,2.33%
268,2/13/2019,46.2,46.4,46.7,46.0,11.29M,0.33%
269,2/14/2019,47.5,46.6,47.5,46.15,17.12M,2.81%
270,2/15/2019,46.05,46.75,46.85,45.65,10.54M,-3.05%
271,2/18/2019,46.2,46.5,46.85,45.85,8.17M,0.33%
272,2/19/2019,45.95,45.85,46.15,45.45,6.73M,-0.54%
273,2/20/2019,46.9,46.75,47.1,46.5,11.22M,2.07%
274,2/21/2019,46.95,46.5,47.2,46.2,8.45M,0.11%
275,2/22/2019,47.15,46.5,47.15,46.45,6.67M,0.43%
276,2/25/2019,47.35,47.4,47.55,47.05,7.46M,0.42%
277,2/26/2019,46.75,47.35,47.45,46.5,7.98M,-1.27%
278,2/27/2019,46.75,47.0,47.25,46.75,7.69M,0.00%
279,2/28/2019,45.1,46.4,46.5,45.1,23.50M,-3.53%
280,3/4/2019,44.85,46.0,46.1,44.8,12.67M,-0.55%
281,3/5/2019,44.25,44.6,45.1,44.15,10.50M,-1.34%
282,3/6/2019,44.0,44.0,44.3,43.7,9.95M,-0.56%
283,3/7/2019,44.45,43.4,44.95,43.4,10.99M,1.02%
284,3/8/2019,43.8,44.45,44.8,43.8,7.70M,-1.46%
285,3/11/2019,43.65,44.4,44.45,43.65,8.51M,-0.34%
286,3/12/2019,44.65,44.3,44.95,44.15,10.83M,2.29%
287,3/13/2019,43.85,44.25,44.45,43.7,8.10M,-1.79%
288,3/14/2019,43.85,43.7,44.3,43.55,18.02M,0.00%
289,3/15/2019,44.2,43.8,44.25,43.7,14.61M,0.80%
290,3/18/2019,43.7,43.95,44.15,43.45,8.16M,-1.13%
291,3/19/2019,43.9,43.75,43.9,43.55,7.60M,0.46%
292,3/20/2019,44.05,43.8,44.2,43.1,9.83M,0.34%
293,3/21/2019,45.85,44.6,46.25,44.05,21.03M,4.09%
294,3/22/2019,46.55,46.85,47.0,46.25,12.49M,1.53%
295,3/25/2019,45.5,45.3,45.65,44.8,8.68M,-2.26%
296,3/26/2019,45.25,45.5,45.7,44.9,9.65M,-0.55%
297,3/27/2019,45.35,44.75,45.6,44.25,9.32M,0.22%
298,3/28/2019,44.85,44.95,45.2,44.3,6.81M,-1.10%
299,3/29/2019,44.65,44.5,44.9,44.2,11.00M,-0.45%
300,4/1/2019,45.05,45.2,45.45,44.85,6.79M,0.90%
301,4/2/2019,45.75,45.55,46.1,45.35,8.90M,1.55%
302,4/3/2019,46.6,46.75,46.75,45.8,12.00M,1.86%
303,4/4/2019,46.95,46.15,47.1,46.15,11.44M,0.75%
304,4/5/2019,46.85,46.95,47.55,46.6,8.53M,-0.21%
305,4/8/2019,46.65,47.25,47.25,46.15,8.49M,-0.43%
306,4/9/2019,46.65,46.7,46.95,46.2,6.88M,0.00%
307,4/10/2019,46.7,46.4,46.7,46.05,10.35M,0.11%
308,4/11/2019,46.25,46.7,46.8,46.15,13.62M,-0.96%
309,4/12/2019,46.85,46.05,46.9,46.0,7.65M,1.30%
310,4/15/2019,47.05,47.15,47.5,47.0,8.72M,0.43%
311,4/16/2019,47.25,47.4,47.4,46.8,7.62M,0.43%
312,4/17/2019,47.05,47.3,47.6,47.0,5.47M,-0.42%
313,4/18/2019,45.6,47.2,47.25,45.5,10.83M,-3.08%
314,4/19/2019,45.3,45.75,46.0,45.25,8.35M,-0.66%
315,4/22/2019,45.35,45.4,45.9,45.1,5.90M,0.11%
316,4/23/2019,45.2,45.05,45.5,45.0,6.88M,-0.33%
317,4/24/2019,44.75,45.4,45.65,44.15,12.18M,-1.00%
318,4/25/2019,44.65,44.25,45.0,44.1,9.52M,-0.22%
319,4/26/2019,44.85,44.2,45.0,43.8,9.37M,0.45%
320,4/29/2019,46.15,45.15,46.15,45.1,8.48M,2.90%
321,4/30/2019,45.85,46.0,46.3,45.35,10.16M,-0.65%
322,5/2/2019,45.9,45.5,46.15,45.4,8.62M,0.11%
323,5/3/2019,45.3,45.9,46.05,45.3,6.54M,-1.31%
324,5/7/2019,44.85,45.25,45.3,44.4,11.96M,-0.99%
325,5/8/2019,44.25,44.3,44.85,44.2,10.04M,-1.34%
326,5/9/2019,42.45,43.9,44.25,42.45,22.04M,-4.07%
327,5/10/2019,42.9,42.6,43.45,42.45,13.51M,1.06%
328,5/13/2019,42.65,42.5,43.2,42.35,7.62M,-0.58%
329,5/14/2019,42.65,41.3,43.1,41.3,11.54M,0.00%
330,5/15/2019,42.55,42.7,43.05,42.55,7.66M,-0.23%
331,5/16/2019,41.55,42.35,42.4,41.35,13.62M,-2.35%
332,5/17/2019,41.2,41.95,42.05,40.85,12.29M,-0.84%
333,5/20/2019,42.0,41.65,42.1,41.55,13.11M,1.94%
334,5/21/2019,43.15,42.6,43.95,42.35,18.69M,2.74%
335,5/22/2019,43.5,43.7,43.8,42.4,10.70M,0.81%
336,5/23/2019,43.85,43.9,44.0,43.25,12.19M,0.80%
337,5/24/2019,42.7,43.8,43.8,42.4,13.34M,-2.62%
338,5/27/2019,42.65,42.5,43.0,42.35,7.44M,-0.12%
339,5/28/2019,42.55,42.55,42.95,42.15,22.59M,-0.23%
340,5/29/2019,41.8,41.85,42.1,41.3,14.52M,-1.76%
341,5/30/2019,42.55,42.2,42.7,42.15,9.98M,1.79%
342,5/31/2019,42.5,42.6,42.8,42.15,10.21M,-0.12%
343,6/3/2019,43.8,42.95,43.9,42.5,15.08M,3.06%
344,6/4/2019,43.45,43.4,43.7,43.0,9.87M,-0.80%
345,6/5/2019,43.9,44.05,44.2,43.7,10.82M,1.04%
346,6/7/2019,44.2,43.6,44.35,43.45,11.62M,0.68%
347,6/10/2019,44.8,44.3,44.85,44.05,8.62M,1.36%
348,6/11/2019,44.85,44.8,45.0,44.55,6.63M,0.11%
349,6/12/2019,44.6,44.8,45.05,44.3,8.55M,-0.56%
350,6/13/2019,43.75,44.2,44.4,43.4,16.89M,-1.91%
351,6/14/2019,44.0,43.75,44.15,43.3,8.31M,0.57%
352,6/17/2019,43.9,43.75,44.05,43.4,7.36M,-0.23%
353,6/18/2019,44.35,43.75,44.5,43.65,7.98M,1.03%
354,6/19/2019,45.35,45.45,45.45,45.0,9.36M,2.25%
355,6/20/2019,45.5,44.85,45.5,44.85,6.76M,0.33%
356,6/21/2019,45.7,45.75,45.8,45.2,9.32M,0.44%
357,6/24/2019,45.5,45.2,45.8,45.2,6.07M,-0.44%
358,6/25/2019,45.6,45.2,45.8,45.2,6.87M,0.22%
359,6/26/2019,45.7,45.8,46.0,45.6,9.02M,0.22%
360,6/27/2019,46.5,46.0,46.6,45.75,12.58M,1.75%
361,6/28/2019,47.0,47.0,47.0,46.7,12.25M,1.08%
362,7/1/2019,46.6,47.35,47.4,46.25,11.03M,-0.85%
363,7/2/2019,46.25,46.2,46.9,45.85,8.43M,-0.75%
364,7/3/2019,45.4,45.75,46.35,45.2,9.66M,-1.84%
365,7/4/2019,46.0,45.25,46.2,45.25,6.36M,1.32%
366,7/5/2019,45.65,45.95,45.95,45.25,7.22M,-0.76%
367,7/8/2019,44.4,44.75,44.8,44.35,7.81M,-2.74%
368,7/9/2019,45.1,44.85,45.45,44.7,7.63M,1.58%
369,7/10/2019,45.55,45.55,46.15,45.5,9.17M,1.00%
370,7/11/2019,46.2,46.35,46.55,46.15,10.85M,1.43%
371,7/12/2019,46.3,46.35,46.4,45.8,5.12M,0.22%
372,7/15/2019,46.45,45.95,46.65,45.75,4.71M,0.32%
373,7/16/2019,46.85,46.45,46.85,46.3,7.21M,0.86%
374,7/17/2019,46.05,46.15,46.35,45.95,5.21M,-1.71%
375,7/18/2019,46.1,46.45,46.45,45.65,4.95M,0.11%
376,7/19/2019,46.8,46.65,46.95,46.6,7.98M,1.52%
377,7/22/2019,47.2,46.8,47.3,46.6,9.01M,0.85%
378,7/23/2019,47.3,47.35,47.55,47.05,8.90M,0.21%
379,7/24/2019,46.4,47.1,47.15,46.25,8.34M,-1.90%
380,7/25/2019,47.2,47.15,47.2,46.6,8.38M,1.72%
381,7/26/2019,47.15,46.65,47.15,46.55,7.67M,-0.11%
382,7/29/2019,46.1,46.8,47.05,46.0,6.85M,-2.23%
383,7/30/2019,46.55,46.3,46.85,46.3,5.51M,0.98%
384,7/31/2019,45.35,46.2,46.6,45.0,12.82M,-2.58%
385,8/1/2019,45.2,44.9,45.5,44.85,7.74M,-0.33%
386,8/2/2019,44.95,44.55,45.5,44.3,11.82M,-0.55%
387,8/5/2019,43.95,44.35,44.6,43.6,13.32M,-2.22%
388,8/6/2019,43.5,42.5,43.8,42.5,15.06M,-1.02%
389,8/7/2019,43.2,43.6,43.9,43.1,9.99M,-0.69%
390,8/8/2019,42.65,43.25,43.5,42.65,16.00M,-1.27%
391,8/9/2019,43.15,43.25,43.35,43.05,9.08M,1.17%
392,8/12/2019,43.7,44.0,44.0,43.55,7.27M,1.27%
393,8/13/2019,43.0,43.5,43.5,42.95,6.96M,-1.60%
394,8/14/2019,43.7,43.9,44.25,43.5,8.50M,1.63%
395,8/16/2019,43.9,43.8,43.9,43.3,9.45M,0.46%
396,8/19/2019,43.6,44.35,44.35,43.5,5.97M,-0.68%
397,8/20/2019,44.45,43.95,44.6,43.55,8.41M,1.95%
398,8/21/2019,44.5,44.35,44.8,44.15,6.52M,0.11%
399,8/22/2019,44.05,44.5,44.7,43.85,8.05M,-1.01%
400,8/23/2019,43.95,43.8,44.2,43.65,4.64M,-0.23%
401,8/26/2019,43.6,43.05,43.8,42.95,7.94M,-0.80%
402,8/27/2019,44.05,43.65,44.2,43.6,16.31M,1.03%
403,8/28/2019,44.15,44.1,44.4,43.75,5.75M,0.23%
404,8/29/2019,43.4,44.2,44.2,43.05,10.13M,-1.70%
405,8/30/2019,44.0,43.75,44.3,43.75,8.78M,1.38%
406,9/2/2019,43.8,44.85,44.85,43.65,7.11M,-0.45%
407,9/3/2019,43.25,43.55,43.65,43.1,8.52M,-1.26%
408,9/4/2019,44.1,43.25,44.1,43.15,11.48M,1.97%
409,9/5/2019,45.7,44.8,46.1,44.45,17.82M,3.63%
410,9/6/2019,46.3,46.5,46.5,45.85,9.70M,1.31%
411,9/9/2019,46.9,46.45,47.0,46.3,9.17M,1.30%
412,9/10/2019,47.0,47.1,47.2,46.55,9.16M,0.21%
413,9/11/2019,47.15,47.3,47.4,46.8,16.12M,0.32%
414,9/16/2019,47.1,47.0,47.1,46.4,11.99M,-0.11%
415,9/17/2019,46.9,47.0,47.1,46.8,5.99M,-0.42%
416,9/18/2019,47.7,46.9,47.7,46.8,9.82M,1.71%
417,9/19/2019,49.15,48.05,49.2,47.85,15.19M,3.04%
418,9/20/2019,49.2,49.4,49.6,49.1,14.91M,0.10%
419,9/23/2019,49.3,49.25,49.3,49.0,7.40M,0.20%
420,9/24/2019,49.5,49.05,49.65,48.85,7.84M,0.41%
421,9/25/2019,48.9,49.2,49.35,48.8,9.11M,-1.21%
422,9/26/2019,49.2,49.0,49.25,48.9,8.36M,0.61%
423,9/27/2019,48.4,48.0,48.7,48.0,8.03M,-1.63%
424,9/30/2019,49.05,48.05,49.25,47.9,9.20M,1.34%
425,10/1/2019,48.85,48.9,49.1,48.65,6.20M,-0.41%
426,10/2/2019,47.6,48.35,48.4,47.6,8.37M,-2.56%
427,10/4/2019,48.0,47.4,48.65,47.35,8.46M,0.84%
428,10/7/2019,47.75,48.35,48.7,47.65,6.47M,-0.52%
429,10/8/2019,48.9,47.9,49.0,47.6,13.29M,2.41%
430,10/10/2019,48.55,48.2,49.2,48.0,17.84M,-0.72%
431,10/11/2019,49.15,49.0,49.45,48.8,7.73M,1.24%
432,10/14/2019,50.0,50.0,50.3,49.85,10.87M,1.73%
433,10/15/2019,50.1,49.9,50.2,49.9,5.90M,0.20%
434,10/16/2019,50.7,50.7,50.9,50.4,9.01M,1.20%
435,10/17/2019,50.5,50.5,50.6,50.1,6.61M,-0.39%
436,10/18/2019,49.9,50.3,50.9,49.65,8.40M,-1.19%
437,10/21/2019,50.3,49.9,50.4,49.8,4.39M,0.80%
438,10/22/2019,51.2,50.8,51.5,50.7,10.71M,1.79%
439,10/23/2019,51.2,51.3,51.5,50.8,8.46M,0.00%
440,10/24/2019,50.7,52.5,52.5,50.5,10.77M,-0.98%
441,10/25/2019,50.9,50.8,51.2,50.5,7.84M,0.39%
442,10/28/2019,51.3,50.7,51.5,50.7,6.34M,0.79%
443,10/29/2019,51.1,51.4,51.7,50.8,7.14M,-0.39%
444,10/30/2019,50.4,50.7,50.8,50.2,8.87M,-1.37%
445,10/31/2019,50.4,51.0,51.4,50.3,10.21M,0.00%
446,11/1/2019,51.2,50.6,51.2,50.4,7.54M,1.59%
447,11/4/2019,52.3,51.7,52.3,51.4,12.76M,2.15%
448,11/5/2019,52.7,52.4,52.7,52.1,10.12M,0.76%
449,11/6/2019,53.3,52.9,53.5,52.7,13.12M,1.14%
450,11/7/2019,52.9,53.4,53.4,52.4,9.14M,-0.75%
451,11/8/2019,52.1,53.2,53.3,52.0,10.39M,-1.51%
452,11/11/2019,51.6,52.2,52.2,51.4,8.18M,-0.96%
453,11/12/2019,52.6,51.8,52.6,51.6,6.10M,1.94%
454,11/13/2019,52.5,52.5,52.5,52.0,6.22M,-0.19%
455,11/14/2019,52.8,51.9,52.8,51.9,12.00M,0.57%
456,11/15/2019,53.7,52.9,53.7,52.6,9.68M,1.70%
457,11/18/2019,53.5,53.6,53.8,53.2,7.65M,-0.37%
458,11/19/2019,53.5,53.2,53.5,52.7,8.10M,0.00%
459,11/20/2019,52.0,53.4,53.4,52.0,11.83M,-2.80%
460,11/21/2019,51.0,51.6,52.1,50.6,14.25M,-1.92%
461,11/22/2019,51.6,51.0,51.6,50.9,8.33M,1.18%
462,11/25/2019,51.8,52.2,52.6,51.7,9.01M,0.39%
463,11/26/2019,51.8,51.9,52.9,51.8,26.04M,0.00%
464,11/27/2019,52.2,51.8,52.3,51.6,7.19M,0.77%
465,11/28/2019,51.3,51.9,52.1,51.3,6.15M,-1.72%
466,11/29/2019,50.3,51.2,51.4,50.2,11.01M,-1.95%
467,12/2/2019,50.4,50.9,51.3,50.4,9.59M,0.20%
468,12/3/2019,49.9,49.8,50.3,49.5,12.00M,-0.99%
469,12/4/2019,49.45,49.6,49.85,49.0,12.96M,-0.90%
470,12/5/2019,49.5,50.2,50.4,49.5,10.02M,0.10%
471,12/6/2019,50.4,50.1,50.9,49.95,10.87M,1.82%
472,12/9/2019,51.2,50.9,51.4,50.7,8.27M,1.59%
473,12/10/2019,51.5,51.0,51.6,50.7,6.87M,0.59%
474,12/11/2019,51.9,51.5,52.2,51.4,11.00M,0.78%
475,12/12/2019,53.3,53.0,53.3,52.7,28.45M,2.70%
476,12/13/2019,54.7,54.5,54.8,53.9,17.59M,2.63%
477,12/16/2019,54.7,54.5,54.9,54.3,11.10M,0.00%
478,12/17/2019,56.7,55.8,56.7,55.4,18.75M,3.66%
479,12/18/2019,56.3,56.7,57.2,56.0,15.49M,-0.71%
480,12/19/2019,56.0,57.0,57.3,55.5,13.95M,-0.53%
481,12/20/2019,56.0,56.1,56.5,55.6,12.07M,0.00%
482,12/23/2019,55.5,56.1,56.4,55.1,9.49M,-0.89%
483,12/24/2019,55.0,55.6,55.7,54.8,9.19M,-0.90%
484,12/26/2019,55.4,54.7,55.4,54.4,9.57M,0.73%
485,12/27/2019,56.5,55.7,56.9,55.5,12.29M,1.99%
486,12/30/2019,55.8,56.2,56.6,55.7,8.35M,-1.24%
487,1/2/2020,55.2,55.5,56.0,55.0,12.76M,-1.08%
488,1/3/2020,55.5,56.0,56.6,54.9,15.31M,0.54%
489,1/6/2020,55.5,54.9,55.6,54.6,10.24M,0.00%
490,1/7/2020,55.8,55.7,56.4,55.6,9.89M,0.54%
491,1/8/2020,56.8,56.2,57.4,55.9,23.33M,1.79%
492,1/9/2020,58.6,58.4,58.6,57.4,23.23M,3.17%
493,1/10/2020,59.5,58.8,59.7,58.3,15.83M,1.54%
494,1/13/2020,60.0,59.6,60.0,59.1,11.26M,0.84%
495,1/14/2020,60.0,60.4,61.0,59.9,16.08M,0.00%
496,1/15/2020,59.0,59.5,59.6,58.9,13.72M,-1.67%
497,1/16/2020,60.7,59.1,60.7,59.0,13.56M,2.88%
498,1/17/2020,61.3,61.9,62.0,61.0,15.45M,0.99%
499,1/20/2020,62.4,62.0,62.8,61.7,12.46M,1.79%
500,1/21/2020,61.4,62.0,62.4,61.2,11.11M,-1.60%
501,1/22/2020,62.3,60.5,62.6,60.4,15.05M,1.47%
502,1/23/2020,60.8,61.8,61.8,60.7,14.88M,-2.41%
503,1/28/2020,58.8,59.4,59.4,58.3,22.63M,-3.29%
504,1/29/2020,59.1,59.1,59.7,58.8,16.26M,0.51%
505,1/30/2020,57.2,58.8,58.8,56.8,20.72M,-3.21%
506,1/31/2020,56.4,57.8,58.4,56.4,19.49M,-1.40%
507,2/3/2020,57.2,55.5,57.4,55.2,22.91M,1.42%
508,2/4/2020,58.9,57.1,59.0,56.8,21.10M,2.97%
509,2/5/2020,59.5,60.0,60.2,58.9,18.19M,1.02%
510,2/6/2020,61.1,60.1,61.1,59.7,14.68M,2.69%
511,2/7/2020,60.4,61.1,61.2,59.7,16.27M,-1.15%
512,2/10/2020,59.7,59.2,59.8,59.1,12.69M,-1.16%
513,2/11/2020,59.9,59.8,60.7,59.7,10.95M,0.34%
514,2/12/2020,60.5,60.3,60.7,59.7,12.73M,1.00%
515,2/13/2020,60.7,61.2,61.6,60.5,18.34M,0.33%
516,2/14/2020,61.8,60.9,61.9,60.2,13.26M,1.81%
517,2/17/2020,61.5,61.6,62.0,61.2,8.49M,-0.49%
518,2/18/2020,59.8,60.8,60.9,59.7,16.63M,-2.76%
519,2/19/2020,60.2,59.8,60.4,59.4,12.94M,0.67%
520,2/20/2020,60.0,60.7,61.3,59.6,14.51M,-0.33%
521,2/21/2020,59.2,58.8,59.8,58.5,13.28M,-1.33%
522,2/24/2020,56.8,57.4,58.1,56.8,25.36M,-4.05%
523,2/25/2020,57.9,56.2,58.0,56.2,23.07M,1.94%
524,2/26/2020,56.5,56.0,57.0,56.0,25.38M,-2.42%
525,2/27/2020,55.9,56.3,56.9,55.5,22.36M,-1.06%
526,2/28/2020,54.2,55.0,55.5,54.2,29.91M,-3.04%
527,3/2/2020,55.0,54.3,55.5,53.6,29.21M,1.48%
528,3/3/2020,55.4,56.7,56.9,55.1,29.81M,0.73%
529,3/4/2020,57.4,54.8,57.6,54.6,24.32M,3.61%
530,3/5/2020,57.8,57.6,58.0,56.7,21.66M,0.70%
531,3/6/2020,56.5,56.5,57.2,56.2,18.59M,-2.25%
532,3/9/2020,54.2,54.7,55.0,53.6,30.01M,-4.07%
533,3/10/2020,54.6,53.8,54.9,53.7,31.33M,0.74%
534,3/11/2020,52.1,54.3,54.4,52.0,37.83M,-4.58%
535,3/12/2020,50.8,51.0,51.9,49.3,47.90M,-2.50%
536,3/13/2020,49.95,47.45,51.6,46.85,58.33M,-1.67%
537,3/16/2020,48.9,50.1,50.9,48.8,33.06M,-2.10%
538,3/17/2020,47.3,46.9,49.65,46.7,50.59M,-3.27%
539,3/18/2020,45.6,47.75,48.35,45.6,38.15M,-3.59%
540,3/19/2020,42.95,46.5,46.6,42.3,0.64K,-5.81%
541,3/20/2020,45.4,44.15,45.5,43.55,49.16M,5.70%
542,3/23/2020,42.5,42.6,43.55,42.4,29.15K,-6.39%
543,3/24/2020,46.95,43.8,46.95,43.1,0.89K,10.47%
544,3/25/2020,48.65,48.95,49.6,47.15,45.01K,3.62%
545,3/26/2020,47.8,48.95,49.3,47.75,3.39K,-1.75%
546,3/27/2020,48.3,49.6,49.7,46.85,39.73M,1.05%
547,3/30/2020,47.85,47.05,48.35,46.55,26.67M,-0.93%
548,3/31/2020,47.75,48.0,48.5,47.15,30.48M,-0.21%
549,4/1/2020,45.8,47.45,47.9,45.8,27.08M,-4.08%
550,4/2/2020,46.8,46.2,46.85,45.35,21.41M,2.18%
551,4/3/2020,47.0,47.4,47.6,46.55,22.46M,0.43%
552,4/6/2020,48.7,47.5,48.8,47.25,23.09M,3.62%
553,4/7/2020,49.6,49.65,50.2,49.0,31.24M,1.85%
554,4/8/2020,48.6,49.6,49.75,48.6,24.87M,-2.02%
555,4/9/2020,49.1,49.75,49.8,48.7,22.47M,1.03%
556,4/10/2020,49.25,48.95,49.25,48.65,17.79M,0.31%
557,4/13/2020,48.3,48.65,48.9,48.3,14.38M,-1.93%
558,4/14/2020,49.0,48.8,49.2,48.3,14.10M,1.45%
559,4/16/2020,49.0,49.35,49.35,48.55,22.57M,0.00%
560,4/17/2020,51.4,50.8,52.0,50.3,31.74M,4.90%
561,4/20/2020,50.1,51.4,51.4,50.0,21.58M,-2.53%
562,4/21/2020,49.25,49.4,49.7,48.7,26.89M,-1.70%
563,4/22/2020,49.85,48.7,50.0,48.35,18.54M,1.22%
564,4/23/2020,49.85,50.2,50.3,49.5,17.93M,0.00%
565,4/24/2020,49.35,49.65,49.75,49.0,15.56M,-1.00%
566,4/27/2020,49.85,49.35,50.0,49.1,13.74M,1.01%
567,4/28/2020,50.1,49.85,50.1,49.3,15.69M,0.50%
568,4/29/2020,50.0,49.9,50.5,49.6,15.56M,-0.20%
569,5/4/2020,48.5,48.9,49.1,48.5,25.80M,-3.00%
570,5/6/2020,49.2,49.0,49.2,48.5,18.00M,1.44%
571,5/7/2020,48.8,49.2,49.3,48.7,13.73M,-0.81%
572,5/8/2020,48.8,49.1,49.35,48.8,15.13M,0.00%
573,5/11/2020,48.4,48.9,49.25,48.3,15.94M,-0.82%
574,5/12/2020,47.9,48.4,48.5,47.55,22.07M,-1.03%
575,5/13/2020,48.55,47.25,48.55,47.2,26.96K,1.36%
576,5/14/2020,48.0,47.8,48.1,47.65,5.42K,-1.13%
577,5/15/2020,47.85,48.4,48.45,47.7,17.79M,-0.31%
578,5/18/2020,48.8,47.95,49.1,47.6,0.21K,1.99%
579,5/19/2020,50.3,50.1,50.5,49.7,8.24K,3.07%
580,5/20/2020,50.0,50.0,50.2,49.8,12.86M,-0.60%
581,5/21/2020,49.95,50.3,50.4,49.85,14.58M,-0.10%
582,5/22/2020,48.75,49.6,49.8,48.6,19.29M,-2.40%
583,5/25/2020,48.85,48.75,48.9,48.45,1.22K,0.21%
584,5/26/2020,49.25,48.7,49.45,48.6,15.73K,0.82%
585,5/27/2020,49.9,48.95,50.0,48.8,1.96K,1.32%
586,5/28/2020,50.4,51.0,51.2,49.95,2.43K,1.00%
587,5/29/2020,50.7,50.0,50.7,49.7,26.33M,0.60%
588,6/1/2020,51.2,50.8,51.2,50.6,35.32K,0.99%
589,6/2/2020,51.4,51.1,51.5,50.8,0.12K,0.39%
590,6/3/2020,54.5,51.8,55.0,51.7,4.73K,6.03%
591,6/4/2020,54.6,55.8,56.9,54.6,4.92K,0.18%
592,6/5/2020,55.5,54.4,55.9,54.0,22.40M,1.65%
593,6/8/2020,54.9,56.5,56.5,54.7,0.50K,-1.08%
594,6/9/2020,55.5,55.9,56.4,54.5,12.26K,1.09%
595,6/10/2020,55.4,55.2,55.9,54.9,6.58K,-0.18%
596,6/11/2020,54.3,54.5,55.1,53.2,1.17K,-1.99%
597,6/12/2020,52.3,52.1,52.8,51.5,26.38M,-3.68%
598,6/15/2020,49.9,51.4,52.0,49.9,1.70K,-4.59%
599,6/16/2020,52.1,51.2,52.1,50.6,21.42M,4.41%
600,6/17/2020,52.2,52.5,52.6,52.0,22.81K,0.19%
601,6/18/2020,52.3,52.1,52.3,51.6,4.82K,0.19%
602,6/19/2020,52.9,52.6,52.9,51.6,17.47M,1.15%
603,6/22/2020,52.0,52.1,52.6,51.8,0.06K,-1.70%
604,6/23/2020,51.4,52.5,52.7,51.1,1.70K,-1.15%
605,6/24/2020,52.9,51.9,53.9,51.6,2.28K,2.92%
606,6/25/2020,51.9,52.2,53.0,51.9,0.06K,-1.89%
607,6/26/2020,53.3,52.8,53.9,52.2,21.42M,2.70%
608,6/29/2020,52.4,52.6,53.2,52.0,0.06K,-1.69%
609,6/30/2020,52.8,53.8,53.8,52.8,0.04K,0.76%
610,7/1/2020,52.6,53.4,53.5,52.4,1.58K,-0.38%
611,7/2/2020,52.9,52.3,52.9,52.2,0.55K,0.57%
612,7/3/2020,53.6,53.0,53.6,52.7,11.82M,1.32%
613,7/6/2020,55.0,53.9,55.0,53.8,0.50K,2.61%
614,7/7/2020,53.4,55.9,55.9,53.4,13.78K,-2.91%
615,7/8/2020,53.0,53.6,53.9,52.9,0.22K,-0.75%
616,7/9/2020,52.8,53.3,53.6,52.8,2.64K,-0.38%
617,7/10/2020,52.7,53.1,53.2,52.3,13.65M,-0.19%
618,7/13/2020,53.4,53.5,53.7,53.3,5.33K,1.33%
619,7/14/2020,53.8,53.7,53.8,53.2,0.46K,0.75%
620,7/15/2020,54.7,54.4,55.0,54.4,1.39K,1.67%
621,7/16/2020,53.8,54.8,54.8,53.8,3.29K,-1.65%
622,7/17/2020,54.4,54.2,54.7,54.1,10.04M,1.12%
623,7/20/2020,54.2,54.7,54.8,54.1,0.94K,-0.37%
624,7/21/2020,55.3,55.1,55.4,54.8,5.85K,2.03%
625,7/22/2020,54.7,55.3,55.5,54.7,3.04K,-1.08%
626,7/23/2020,54.1,54.7,54.7,53.8,15.91M,-1.10%
627,7/24/2020,54.2,54.0,54.4,53.7,10.91M,0.18%
628,7/27/2020,55.6,54.4,55.7,54.4,2.47K,2.58%
629,7/28/2020,58.6,56.8,58.8,56.4,64.78K,5.40%
630,7/29/2020,59.0,60.3,60.3,58.6,1.24K,0.68%
631,7/30/2020,59.0,59.7,60.1,59.0,4.60K,0.00%
632,7/31/2020,57.9,59.5,59.6,57.7,21.86M,-1.86%
633,8/3/2020,56.8,57.9,57.9,56.7,0.40K,-1.90%
634,8/4/2020,57.3,57.2,58.1,57.0,1.92K,0.88%
635,8/5/2020,56.9,57.4,57.4,56.3,6.31K,-0.70%
636,8/6/2020,58.0,57.2,58.4,57.1,7.87K,1.93%
637,8/7/2020,57.5,57.9,58.4,57.1,18.16M,-0.86%
638,8/10/2020,57.8,57.6,58.3,57.5,1.18K,0.52%
639,8/11/2020,58.2,58.0,59.5,57.8,52.17K,0.69%
640,8/12/2020,59.0,58.3,59.0,57.7,1.60K,1.37%
641,8/13/2020,58.7,59.3,59.5,58.0,11.01K,-0.51%
642,8/14/2020,58.0,58.0,58.4,57.7,15.60M,-1.19%
643,8/18/2020,58.4,59.0,59.9,58.0,1.64K,0.69%
644,8/19/2020,57.8,59.0,59.2,57.8,18.42K,-1.03%
645,8/20/2020,55.4,57.6,57.6,55.3,3.81K,-4.15%
646,8/21/2020,55.9,56.2,56.9,55.8,21.09M,0.90%
647,8/24/2020,56.1,55.8,56.6,55.4,0.21K,0.36%
648,8/25/2020,56.4,56.5,56.8,56.1,1.55K,0.53%
649,8/26/2020,56.4,56.3,56.5,55.7,3.55K,0.00%
650,8/27/2020,55.6,56.3,56.3,55.6,1.82K,-1.42%
651,8/28/2020,55.4,56.1,56.3,55.4,14.53M,-0.36%
652,8/31/2020,54.0,56.0,56.1,54.0,2.27K,-2.53%
653,9/1/2020,54.2,54.1,54.8,54.1,17.39M,0.37%
654,9/2/2020,54.4,54.6,55.1,54.1,0.69K,0.37%
655,9/3/2020,56.4,55.5,56.7,55.5,6.65K,3.68%
656,9/4/2020,55.6,55.2,55.8,55.1,21.98M,-1.42%
657,9/7/2020,56.5,56.0,57.3,55.8,0.24K,1.62%
658,9/8/2020,58.7,57.4,58.7,57.2,24.53K,3.89%
659,9/9/2020,58.4,58.3,59.3,57.8,1.88K,-0.51%
660,9/10/2020,59.2,59.8,60.0,59.1,7.50K,1.37%
661,9/11/2020,59.0,59.3,59.4,58.2,15.93M,-0.34%
662,9/14/2020,60.4,60.3,60.7,60.0,0.71K,2.37%
663,9/15/2020,61.0,60.8,61.0,60.5,2.07K,0.99%
664,9/16/2020,61.0,61.1,61.3,60.6,7.27K,0.00%
665,9/17/2020,59.5,60.6,60.8,59.3,11.07K,-2.46%
666,9/18/2020,59.3,59.8,59.9,59.1,18.63M,-0.34%
667,9/21/2020,59.2,59.1,60.0,59.0,14.95M,-0.17%
668,9/22/2020,58.2,59.2,59.7,57.8,0.64K,-1.69%
669,9/23/2020,58.6,58.4,58.8,57.5,5.73K,0.69%
670,9/24/2020,57.8,57.7,58.6,57.6,17.49M,-1.37%
671,9/25/2020,57.9,57.7,58.2,57.7,10.58M,0.17%
672,9/28/2020,58.2,58.3,58.8,57.9,12.56M,0.52%
673,9/29/2020,58.2,58.3,59.0,58.2,13.54M,0.00%
674,10/5/2020,58.7,57.7,59.2,57.7,0.14K,0.86%
675,10/6/2020,59.0,59.4,59.8,58.7,1.78K,0.51%
676,10/7/2020,59.9,58.7,59.9,58.5,0.12K,1.53%
677,10/8/2020,59.7,60.5,60.7,59.5,24.40M,-0.33%
678,10/12/2020,60.4,60.1,60.4,59.9,0.13K,1.17%
679,10/13/2020,60.9,61.0,61.4,60.4,19.18M,0.83%
680,10/14/2020,60.9,61.0,61.1,60.5,1.86K,0.00%
681,10/15/2020,60.0,60.8,60.8,59.7,4.80K,-1.48%
682,10/16/2020,59.5,60.0,60.4,59.0,16.03M,-0.83%
683,10/19/2020,60.0,59.7,60.2,59.5,10.54K,0.84%
684,10/20/2020,60.9,60.2,60.9,60.1,0.33K,1.50%
685,10/21/2020,60.9,61.1,61.5,60.6,1.04K,0.00%
686,10/22/2020,60.1,60.4,60.5,59.8,0.39K,-1.31%
687,10/23/2020,60.2,60.4,60.4,59.8,8.43M,0.17%
688,10/26/2020,60.4,60.3,61.1,60.1,2.21K,0.33%
689,10/27/2020,59.8,60.2,60.2,59.5,0.79K,-0.99%
690,10/28/2020,59.0,59.4,59.4,58.8,0.66K,-1.34%
691,10/29/2020,58.1,58.2,58.5,57.5,16.16K,-1.53%
692,10/30/2020,56.6,58.0,58.0,56.6,26.28M,-2.58%
693,11/2/2020,57.4,56.4,57.5,56.0,1.58K,1.41%
694,11/3/2020,58.8,57.8,58.9,57.7,0.14K,2.44%
695,11/4/2020,58.5,59.0,59.0,57.9,2.49K,-0.51%
696,11/5/2020,60.3,59.0,60.3,58.8,1.00K,3.08%
697,11/6/2020,60.1,60.7,60.8,59.6,16.82M,-0.33%
698,11/9/2020,60.2,60.7,60.9,60.1,1.62K,0.17%
699,11/10/2020,60.2,60.5,60.5,59.5,7.03K,0.00%
700,11/11/2020,61.3,60.7,61.4,60.4,6.56K,1.83%
701,11/12/2020,61.0,60.9,61.4,60.7,0.55K,-0.49%
702,11/13/2020,63.2,61.3,63.2,61.0,31.31M,3.61%
703,11/16/2020,66.3,63.9,66.6,63.9,8.20K,4.91%
704,11/17/2020,65.7,66.9,66.9,65.7,18.63K,-0.90%
705,11/18/2020,64.8,65.7,66.1,64.7,3.61K,-1.37%
706,11/19/2020,64.6,64.2,64.8,63.9,2.15K,-0.31%
707,11/20/2020,64.7,63.9,65.2,63.9,14.84M,0.15%
708,11/23/2020,67.5,64.8,67.8,64.8,1.02K,4.33%
709,11/24/2020,67.7,67.8,69.4,67.0,2.23K,0.30%
710,11/25/2020,66.6,67.8,68.3,66.5,6.03K,-1.62%
711,11/26/2020,68.0,66.3,68.0,66.1,2.15K,2.10%
712,11/27/2020,68.2,68.0,68.4,67.6,13.93M,0.29%
713,11/30/2020,66.7,68.4,68.6,66.7,39.86M,-2.20%
714,12/1/2020,67.8,67.2,68.3,67.1,0.26K,1.65%
715,12/2/2020,69.5,68.4,69.9,68.3,27.83M,2.51%
716,12/3/2020,69.7,69.5,70.5,69.3,0.22K,0.29%
717,12/4/2020,71.5,70.4,72.1,70.1,27.84M,2.58%
718,12/7/2020,72.9,72.4,73.5,72.0,6.47K,1.96%
719,12/8/2020,71.7,72.3,72.9,71.6,4.53K,-1.65%
720,12/9/2020,73.9,72.1,73.9,72.1,5.79K,3.07%
721,12/10/2020,72.9,72.8,73.8,72.5,0.99K,-1.35%
722,12/11/2020,73.4,73.5,73.8,73.1,18.42M,0.69%
723,12/14/2020,73.8,73.6,74.5,73.2,6.44K,0.54%
724,12/15/2020,73.8,73.8,74.1,73.3,20.48M,0.00%
725,12/16/2020,73.8,74.2,74.5,73.4,0.66K,0.00%
726,12/17/2020,73.3,73.5,73.7,72.6,1.69K,-0.68%
727,12/18/2020,73.0,73.3,73.7,73.0,17.38M,-0.41%
728,12/21/2020,73.0,73.1,73.4,72.0,1.65K,0.00%
729,12/22/2020,72.3,72.5,73.2,72.2,0.89K,-0.96%
730,12/23/2020,73.9,72.3,74.0,72.3,6.05K,2.21%
731,12/24/2020,77.8,74.1,78.8,74.0,32.32M,5.28%
732,12/28/2020,78.7,79.0,80.1,78.3,31.84K,1.16%
733,12/29/2020,78.3,78.8,78.9,77.3,12.86K,-0.51%
734,12/30/2020,81.0,77.4,81.3,77.3,29.12M,3.45%
735,1/4/2021,83.0,81.0,84.3,80.3,24.25K,2.47%
736,1/5/2021,83.9,81.7,83.9,81.7,8.14K,1.08%
737,1/6/2021,82.2,83.4,84.4,82.1,13.53K,-2.03%
738,1/7/2021,82.9,82.8,84.2,82.7,32.47M,0.85%
739,1/8/2021,88.8,83.3,90.0,83.0,57.52M,7.12%
740,1/11/2021,91.0,90.1,96.7,90.0,41.26K,2.48%
741,1/12/2021,90.6,90.5,91.3,87.9,29.49K,-0.44%
742,1/13/2021,89.7,89.9,91.1,89.2,35.22K,-0.99%
743,1/14/2021,89.7,88.8,90.0,88.7,8.26K,0.00%
744,1/15/2021,88.0,89.8,91.8,88.0,33.12M,-1.90%
745,1/18/2021,85.0,86.7,87.3,84.2,19.68K,-3.41%
746,1/19/2021,87.0,84.6,88.0,83.6,7.56K,2.35%
747,1/20/2021,87.2,88.9,88.9,86.5,3.38K,0.23%
748,1/21/2021,88.1,87.5,88.6,86.5,5.95K,1.03%
749,1/22/2021,86.8,89.0,89.7,86.8,30.43M,-1.48%
750,1/25/2021,89.4,87.1,89.9,86.4,25.11K,3.00%
751,1/26/2021,86.7,88.8,89.2,86.5,6.49K,-3.02%
752,1/27/2021,85.6,86.7,87.7,85.6,25.96K,-1.27%
753,1/28/2021,83.7,83.4,85.6,83.3,2.27K,-2.22%
754,1/29/2021,82.0,84.5,85.0,82.0,36.70M,-2.03%
755,2/1/2021,83.0,81.8,83.4,81.0,1.45K,1.22%
756,2/2/2021,84.4,84.1,86.3,83.7,0.51K,1.69%
757,2/3/2021,84.6,84.8,85.4,83.4,8.89K,0.24%
758,2/4/2021,82.5,83.5,83.8,82.1,2.51K,-2.48%
759,2/5/2021,83.5,83.1,84.0,82.5,17.14M,1.21%
760,2/8/2021,83.0,83.8,84.2,83.0,2.14K,-0.60%
761,2/9/2021,82.7,84.0,84.8,82.7,5.17K,-0.36%
762,2/10/2021,81.6,82.6,82.6,81.6,22.58M,-1.33%
763,2/15/2021,84.2,83.7,84.5,83.4,0.80K,3.19%
764,2/16/2021,84.9,84.5,86.0,84.2,24.26K,0.83%
765,2/17/2021,83.2,83.9,84.2,83.0,16.79K,-2.00%
766,2/18/2021,82.1,83.2,83.6,82.1,24.28K,-1.32%
767,2/19/2021,82.6,82.3,82.8,81.0,25.47M,0.61%
768,2/22/2021,82.2,83.8,84.2,82.2,17.48K,-0.48%
769,2/23/2021,82.0,81.3,82.9,81.1,7.03K,-0.24%
770,2/24/2021,82.0,81.9,83.6,81.4,0.98K,0.00%
771,2/25/2021,85.3,84.0,85.4,83.0,6.35K,4.02%
772,2/26/2021,82.5,82.8,83.4,82.0,36.72M,-3.28%
773,3/2/2021,83.6,85.0,85.3,83.0,7.76K,1.33%
774,3/3/2021,84.0,83.4,84.0,82.8,3.80K,0.48%
775,3/4/2021,82.4,82.7,83.1,82.2,8.75K,-1.90%
776,3/5/2021,82.1,81.1,82.6,81.1,20.35M,-0.36%
777,3/8/2021,82.0,83.0,83.0,81.6,6.72K,-0.12%
778,3/9/2021,81.4,81.5,81.9,80.6,1.24K,-0.73%
779,3/10/2021,80.9,82.4,82.5,80.7,8.86K,-0.61%
780,3/11/2021,82.0,81.0,82.5,81.0,0.96K,1.36%
781,3/12/2021,82.8,83.1,83.5,82.4,13.41M,0.98%
782,3/15/2021,81.8,82.8,82.9,81.8,0.40K,-1.21%
783,3/16/2021,82.8,82.3,83.0,82.1,3.55K,1.22%
784,3/17/2021,82.3,82.8,82.8,82.1,32.00K,-0.60%
785,3/18/2021,82.9,82.8,83.8,82.6,2.15K,0.73%
786,3/19/2021,81.9,82.1,82.5,81.8,15.69M,-1.21%
787,3/22/2021,82.0,82.0,82.3,81.7,12.55M,0.12%
788,3/23/2021,81.8,82.5,82.8,81.8,5.98K,-0.24%
789,3/24/2021,81.0,81.1,81.6,80.7,14.93K,-0.98%
790,3/25/2021,81.2,80.9,82.1,80.8,0.45K,0.25%
791,3/26/2021,81.5,81.4,81.6,81.0,12.73M,0.37%
792,3/29/2021,81.6,81.7,81.7,81.0,9.87K,0.12%
793,3/30/2021,82.2,81.6,82.3,81.3,13.05M,0.74%
794,3/31/2021,81.4,82.1,82.1,81.4,0.54K,-0.97%
795,4/1/2021,82.9,82.4,83.0,82.0,0.93K,1.84%
796,4/2/2021,84.8,84.0,85.2,83.9,22.89M,2.29%
797,4/5/2021,85.4,85.8,86.0,84.8,0.84K,0.71%
798,4/6/2021,86.0,86.1,86.2,85.1,10.26K,0.70%
799,4/7/2021,85.6,86.1,86.2,85.4,5.60K,-0.47%
800,4/8/2021,84.7,85.7,85.7,84.1,19.17M,-1.05%
801,4/9/2021,83.6,84.7,84.9,83.4,17.79M,-1.30%
802,4/12/2021,83.2,84.0,84.1,83.1,16.47K,-0.48%
803,4/13/2021,84.0,83.0,84.5,82.9,1.05K,0.96%
804,4/14/2021,84.0,84.1,84.3,83.4,4.37K,0.00%
805,4/15/2021,84.1,83.7,84.5,83.4,1.01K,0.12%
806,4/16/2021,83.9,84.7,84.7,83.6,15.34M,-0.24%
807,4/19/2021,83.3,83.9,84.0,83.3,11.08K,-0.72%
808,4/20/2021,83.9,83.3,84.0,83.2,4.40K,0.72%
809,4/21/2021,82.6,83.4,83.5,82.5,0.44K,-1.55%
810,4/22/2021,82.4,82.8,83.0,82.4,8.15K,-0.24%
811,4/23/2021,82.8,81.9,82.9,81.6,17.74M,0.49%
812,4/26/2021,83.5,82.9,83.5,82.6,3.37K,0.85%
813,4/27/2021,82.9,83.3,83.3,82.5,3.86K,-0.72%
814,4/28/2021,82.1,83.1,83.2,82.1,6.80K,-0.97%
815,4/29/2021,81.7,82.4,82.4,81.5,2.84K,-0.49%
816,4/30/2021,81.5,81.9,82.1,81.5,17.26M,-0.24%
817,5/3/2021,81.7,81.0,82.4,81.0,15.58M,0.25%
818,5/4/2021,82.6,81.9,82.6,81.8,12.29M,1.10%
819,5/6/2021,82.3,81.7,82.3,81.7,16.85M,-0.36%
820,5/7/2021,81.9,81.8,82.1,81.5,12.80M,-0.49%
821,5/10/2021,83.2,82.3,83.5,81.8,7.02K,1.59%
822,5/11/2021,81.2,82.5,82.5,81.1,12.16K,-2.40%
823,5/12/2021,80.0,80.9,81.1,79.8,9.71K,-1.48%
824,5/13/2021,78.5,78.9,79.6,78.5,4.26K,-1.88%
825,5/14/2021,80.1,79.0,80.3,78.9,16.37M,2.04%
826,5/17/2021,79.6,80.9,80.9,79.2,6.45K,-0.62%
827,5/18/2021,79.6,79.6,80.0,79.1,17.27M,0.00%
828,5/20/2021,79.5,79.4,79.7,79.1,0.32K,-0.13%
829,5/21/2021,80.1,80.1,81.5,79.8,20.80M,0.75%
830,5/24/2021,79.7,80.1,80.4,79.5,0.88K,-0.50%
831,5/25/2021,79.9,80.0,80.4,79.8,12.55M,0.25%
832,5/26/2021,79.8,80.3,80.5,79.7,0.79K,-0.13%
833,5/27/2021,79.6,80.0,80.0,79.1,1.51K,-0.25%
834,5/28/2021,80.1,79.8,80.4,79.4,12.27M,0.63%
835,5/31/2021,80.5,80.3,80.6,79.6,13.28M,0.50%
836,6/1/2021,80.6,80.4,81.2,80.1,4.06K,0.12%
837,6/2/2021,80.8,80.4,81.4,80.3,1.27K,0.25%
838,6/3/2021,82.8,81.3,83.0,81.1,12.10K,2.48%
839,6/4/2021,82.2,82.7,82.7,81.5,18.06M,-0.72%
840,6/7/2021,81.9,82.7,82.8,81.6,3.95K,-0.36%
841,6/8/2021,81.9,82.3,82.6,81.8,13.46K,0.00%
842,6/9/2021,81.1,81.6,82.0,81.1,4.87K,-0.98%
843,6/10/2021,81.0,81.4,81.4,80.9,0.32K,-0.12%
844,6/11/2021,81.0,81.2,81.7,80.7,13.81M,0.00%
845,6/14/2021,80.5,80.9,80.9,80.5,1.07K,-0.62%
846,6/15/2021,80.9,80.9,81.2,80.6,9.84M,0.50%
847,6/16/2021,81.8,81.4,81.9,81.1,2.27K,1.11%
848,6/17/2021,80.9,81.2,81.2,80.7,0.39K,-1.10%
849,6/18/2021,80.5,81.1,81.1,80.5,14.62M,-0.49%
850,6/21/2021,79.9,79.7,80.0,79.6,15.99M,-0.75%
851,6/22/2021,80.0,80.2,80.3,79.9,1.38K,0.13%
852,6/23/2021,80.1,80.6,80.6,79.9,2.25K,0.13%
853,6/24/2021,81.2,80.3,81.4,80.1,2.11K,1.37%
854,6/25/2021,81.6,81.5,81.9,81.2,12.97M,0.49%
855,6/28/2021,81.9,81.7,82.0,81.6,56.64K,0.37%
856,6/29/2021,81.0,81.9,82.1,80.8,1.58K,-1.10%
857,6/30/2021,80.7,81.2,81.4,80.7,0.97K,-0.37%
858,7/1/2021,80.1,80.6,80.6,80.0,13.59K,-0.74%
859,7/2/2021,80.0,80.0,80.4,79.9,8.18M,-0.12%
860,7/5/2021,80.4,80.2,80.8,80.0,0.76K,0.50%
861,7/6/2021,81.2,80.5,81.2,80.5,22.57K,1.00%
862,7/7/2021,80.8,81.3,81.3,80.3,9.41K,-0.49%
863,7/8/2021,79.9,81.1,81.1,79.9,6.82K,-1.11%
864,7/9/2021,79.4,79.6,79.8,79.0,22.41M,-0.63%
865,7/12/2021,79.7,79.9,80.0,79.5,0.77K,0.38%
866,7/13/2021,79.8,79.9,80.2,79.8,8.22K,0.13%
867,7/14/2021,79.5,79.4,79.6,79.1,11.41M,-0.38%
868,7/15/2021,80.6,79.8,80.6,79.5,0.70K,1.38%
869,7/16/2021,79.8,80.1,80.1,79.5,10.78M,-0.99%
870,7/19/2021,79.0,79.2,79.2,78.8,2.48K,-1.00%
871,7/20/2021,79.0,78.6,79.0,78.4,0.55K,0.00%
872,7/21/2021,78.5,79.0,79.1,78.5,0.17K,-0.63%
873,7/22/2021,79.7,79.0,79.8,78.9,11.63K,1.53%
874,7/23/2021,79.3,79.7,79.9,79.2,8.98M,-0.50%
875,7/26/2021,78.8,79.4,79.5,78.8,1.25K,-0.63%
876,7/27/2021,78.5,79.1,79.3,78.5,4.44K,-0.38%
877,7/28/2021,79.2,78.2,79.2,78.1,9.00K,0.89%
878,7/29/2021,79.0,78.9,79.3,78.8,3.62K,-0.25%
879,7/30/2021,78.5,78.9,78.9,78.5,13.12M,-0.63%
880,8/2/2021,79.3,79.1,79.5,78.7,1.55K,1.02%
881,8/3/2021,81.4,79.4,81.4,79.3,1.46K,2.65%
882,8/4/2021,82.9,82.1,83.1,81.8,25.81K,1.84%
883,8/5/2021,82.1,83.2,83.3,82.0,2.46K,-0.97%
884,8/6/2021,81.5,81.9,82.5,81.3,13.28M,-0.73%
885,8/9/2021,81.5,81.5,82.3,80.9,15.37M,0.00%
886,8/10/2021,80.2,82.3,82.3,80.1,13.75K,-1.60%
887,8/11/2021,78.5,79.6,79.8,78.5,29.83M,-2.12%
888,8/12/2021,77.0,77.3,78.2,76.9,57.26K,-1.91%
889,8/13/2021,74.4,75.8,76.0,74.1,60.80M,-3.38%
890,8/17/2021,74.2,74.3,75.1,74.0,7.44K,-0.27%
891,8/18/2021,73.9,73.9,74.6,73.1,28.93M,-0.40%
892,8/19/2021,73.1,73.5,74.4,73.1,18.14K,-1.08%
893,8/20/2021,72.7,73.5,73.9,72.5,22.12M,-0.55%
894,8/23/2021,73.3,73.3,74.0,73.0,19.30M,0.83%
895,8/24/2021,75.6,73.9,75.7,73.9,0.37K,3.14%
896,8/25/2021,75.7,76.2,76.5,74.9,2.00K,0.13%
897,8/26/2021,74.6,76.1,76.2,74.6,4.67K,-1.45%
898,8/27/2021,74.3,74.3,75.0,73.8,15.06M,-0.40%
899,8/30/2021,74.6,75.4,75.4,74.2,4.29K,0.40%
900,8/31/2021,76.7,74.8,76.7,74.3,16.70K,2.82%
901,9/1/2021,76.8,76.6,77.1,75.9,0.84K,0.13%
902,9/2/2021,76.0,76.8,76.8,75.7,1.76K,-1.04%
903,9/3/2021,76.6,76.4,76.7,76.0,11.89M,0.79%
904,9/6/2021,77.3,76.8,77.6,76.6,3.42K,0.91%
905,9/7/2021,76.1,77.1,77.1,75.9,2.76K,-1.55%
906,9/8/2021,76.3,76.1,76.4,75.6,1.09K,0.26%
907,9/9/2021,75.3,76.3,76.6,75.0,1.06K,-1.31%
908,9/10/2021,75.3,75.3,75.6,74.8,10.04M,0.00%
909,9/13/2021,76.3,75.1,76.3,75.1,1.17K,1.33%
910,9/14/2021,76.6,77.0,77.7,76.6,3.83K,0.39%
911,9/15/2021,77.0,77.2,77.3,76.5,0.04K,0.52%
912,9/16/2021,76.1,77.3,77.4,76.1,12.88M,-1.17%
913,9/17/2021,77.2,76.3,77.2,75.9,15.66M,1.45%
914,9/23/2021,77.4,77.5,77.6,76.9,0.49K,0.26%
915,9/24/2021,77.3,77.6,77.7,77.1,11.85M,-0.13%
916,9/27/2021,77.7,77.3,77.7,77.0,11.63M,0.52%
917,9/28/2021,76.3,77.6,77.6,76.2,0.94K,-1.80%
918,9/29/2021,74.1,74.8,75.3,73.8,15.27K,-2.88%
919,9/30/2021,74.1,74.3,74.8,73.8,6.44K,0.00%
920,10/1/2021,73.2,73.9,74.0,72.9,15.70M,-1.21%
921,10/5/2021,72.2,72.9,73.0,71.4,1.12K,-1.37%
922,10/6/2021,71.3,72.7,72.8,71.2,8.34K,-1.25%
923,10/7/2021,71.6,71.8,72.1,71.3,0.17K,0.42%
924,10/8/2021,71.5,72.3,72.4,71.5,13.97M,-0.14%
925,10/12/2021,69.0,70.8,70.9,68.7,18.42K,-3.50%
926,10/13/2021,68.8,68.7,69.6,68.4,0.57K,-0.29%
927,10/14/2021,69.4,69.1,69.8,68.8,0.23K,0.87%
928,10/15/2021,70.1,70.2,71.0,70.0,17.53M,1.01%
929,10/18/2021,70.2,70.1,70.3,69.2,1.20K,0.14%
930,10/19/2021,70.6,70.8,71.0,70.4,0.03K,0.57%
931,10/20/2021,70.3,70.8,71.0,70.2,1.54K,-0.42%
932,10/21/2021,70.2,70.3,70.6,70.0,2.87K,-0.14%
933,10/22/2021,70.4,70.0,70.7,70.0,8.38M,0.28%
934,10/25/2021,70.2,70.0,70.6,69.5,0.15K,-0.28%
935,10/26/2021,71.1,70.5,71.5,70.4,8.81K,1.28%
936,10/27/2021,70.1,71.0,71.0,70.0,3.67K,-1.41%
937,10/28/2021,70.7,69.6,72.1,69.5,2.15K,0.86%
938,10/29/2021,69.8,71.2,71.6,69.7,16.50M,-1.27%
939,11/1/2021,69.9,70.2,70.6,69.9,0.07K,0.14%
940,11/2/2021,71.5,70.7,72.2,70.7,4.70K,2.29%
941,11/3/2021,70.4,71.7,71.7,70.1,0.21K,-1.54%
942,11/4/2021,70.6,71.1,71.6,70.5,1.57K,0.28%
943,11/5/2021,70.2,71.6,71.6,70.2,12.61M,-0.57%
944,11/8/2021,70.6,70.3,70.6,69.8,0.59K,0.57%
945,11/9/2021,70.5,70.4,70.9,70.1,4.89K,-0.14%
946,11/10/2021,70.2,70.3,70.9,70.2,0.98K,-0.43%
947,11/11/2021,69.9,69.9,70.0,69.6,11.44M,-0.43%
948,11/12/2021,70.6,70.2,70.9,69.9,10.04M,1.00%
949,11/15/2021,71.4,71.7,71.9,70.9,4.87K,1.13%
950,11/16/2021,71.3,71.5,72.0,71.3,0.31K,-0.14%
951,11/17/2021,70.7,71.3,71.6,70.6,10.89M,-0.84%
952,11/18/2021,70.2,70.7,71.0,70.2,1.35K,-0.71%
953,11/19/2021,71.2,70.4,71.4,70.1,11.91M,1.42%
954,11/22/2021,74.9,73.1,75.1,73.0,51.35K,5.20%
955,11/23/2021,75.3,75.7,75.9,74.5,2.61K,0.53%
956,11/24/2021,74.8,75.8,76.2,74.1,0.49K,-0.66%
957,11/25/2021,73.7,75.1,75.1,73.6,2.22K,-1.47%
958,11/26/2021,72.3,73.5,74.1,72.0,12.66M,-1.90%
959,11/29/2021,72.3,71.7,73.0,71.6,0.40K,0.00%
960,11/30/2021,71.3,73.2,73.9,70.5,17.28K,-1.38%
961,12/1/2021,74.4,72.0,74.7,71.6,1.37K,4.35%
962,12/2/2021,75.8,73.9,75.8,73.8,27.76K,1.88%
963,12/3/2021,75.6,75.6,76.0,74.1,17.62M,-0.26%
964,12/6/2021,76.3,75.1,76.7,75.0,0.38K,0.93%
965,12/7/2021,77.4,76.1,77.6,75.6,0.19K,1.44%
966,12/8/2021,77.4,78.1,78.6,77.1,4.96K,0.00%
967,12/9/2021,78.2,77.3,78.2,77.0,0.62K,1.03%
968,12/10/2021,76.9,77.4,77.6,76.8,9.09M,-1.66%
969,12/13/2021,76.8,77.1,78.3,76.5,1.73K,-0.13%
970,12/14/2021,77.0,76.5,77.2,76.2,0.31K,0.26%
971,12/15/2021,77.6,76.4,77.6,76.4,0.22K,0.78%
972,12/16/2021,77.8,78.3,78.4,77.4,1.76K,0.26%
973,12/17/2021,78.0,76.8,78.0,76.8,11.80M,0.26%
974,12/20/2021,77.1,77.5,77.7,76.8,10.91K,-1.15%
975,12/21/2021,78.1,77.9,78.3,77.5,0.07K,1.30%
976,12/22/2021,79.4,78.8,79.4,78.8,1.69K,1.66%
977,12/23/2021,79.9,79.8,80.0,79.3,0.26K,0.63%
978,12/24/2021,80.5,80.2,80.8,80.2,12.02M,0.75%
979,12/27/2021,80.2,80.6,80.6,79.9,0.58K,-0.37%
980,12/28/2021,80.3,80.2,80.4,79.7,16.31K,0.12%
981,12/29/2021,78.8,80.1,80.1,78.5,21.44K,-1.87%
982,12/30/2021,78.3,78.9,79.5,78.1,13.92M,-0.63%
983,1/3/2022,78.6,79.4,79.8,78.2,13.35M,0.38%
984,1/4/2022,78.7,78.8,79.2,78.3,3.28K,0.13%
985,1/5/2022,77.4,78.8,79.0,76.4,1.59K,-1.65%
986,1/6/2022,76.9,76.7,77.6,76.7,8.25K,-0.65%
987,1/7/2022,78.3,78.1,78.4,77.4,15.10M,1.82%
988,1/10/2022,78.0,78.1,78.1,77.1,9.63M,-0.38%
989,1/11/2022,78.9,78.3,79.0,78.0,0.70K,1.15%
990,1/12/2022,78.9,79.5,79.6,78.6,10.92M,0.00%
991,1/13/2022,77.9,79.3,79.3,77.9,7.69K,-1.27%
992,1/14/2022,77.3,77.7,78.1,77.1,9.92M,-0.77%
993,1/17/2022,77.5,77.6,77.8,76.9,8.75M,0.26%
994,1/18/2022,77.0,77.5,77.8,76.6,0.17K,-0.65%
995,1/19/2022,76.3,76.5,76.9,76.1,4.48K,-0.91%
996,1/20/2022,76.5,76.2,76.6,76.0,12.67K,0.26%
997,1/21/2022,75.6,75.8,75.8,74.7,15.74M,-1.18%
998,1/24/2022,75.1,75.4,75.8,74.7,13.66M,-0.66%
999,1/25/2022,74.0,74.8,75.0,73.2,17.53M,-1.46%
1000,1/26/2022,73.3,73.9,74.4,73.2,3.67K,-0.95%
1001,1/27/2022,71.3,73.8,74.0,71.3,11.89K,-2.73%
1002,1/28/2022,73.3,71.3,73.7,71.2,21.05M,2.81%
1003,2/3/2022,73.3,74.1,74.1,73.3,25.35K,0.00%
1004,2/4/2022,74.0,74.3,74.6,73.4,12.38M,0.95%
1005,2/7/2022,73.0,73.5,73.5,72.4,0.79K,-1.35%
1006,2/8/2022,73.5,73.8,74.2,73.0,11.71M,0.68%
1007,2/9/2022,74.7,74.3,74.7,74.0,9.60M,1.63%
1008,2/10/2022,75.4,75.5,75.8,74.7,4.77K,0.94%
1009,2/11/2022,74.9,75.0,75.5,74.6,12.00M,-0.66%
1010,2/14/2022,73.7,74.4,74.4,73.1,4.16K,-1.60%
1011,2/15/2022,73.7,74.1,74.2,73.1,0.04K,0.00%
1012,2/16/2022,74.8,74.6,74.8,74.2,4.64K,1.49%
1013,2/17/2022,75.0,74.9,75.6,74.5,0.38K,0.27%
1014,2/18/2022,74.3,74.6,74.8,73.7,10.04M,-0.93%
1015,2/21/2022,74.2,73.3,74.3,72.6,0.10K,-0.13%
1016,2/22/2022,73.4,73.0,73.4,72.8,20.21K,-1.08%
1017,2/23/2022,73.0,73.8,73.8,72.8,2.11K,-0.54%
1018,2/24/2022,71.5,72.3,72.3,71.3,10.45K,-2.05%
1019,2/25/2022,71.9,72.1,72.6,71.9,13.06M,0.56%
1020,2/28/2022,72.1,71.1,72.1,71.0,17.64M,0.28%
1021,3/2/2022,71.7,72.4,72.4,71.5,0.51K,-0.55%
1022,3/3/2022,72.9,72.4,73.1,72.4,0.51K,1.67%
1023,3/4/2022,71.5,72.7,72.7,71.2,13.36M,-1.92%
1024,3/7/2022,70.1,70.0,70.6,69.9,1.39K,-1.96%
1025,3/8/2022,69.5,68.8,70.0,68.7,15.72M,-0.86%
1026,3/10/2022,71.2,70.9,71.2,70.5,2.01K,2.45%
1027,3/11/2022,70.0,70.5,70.7,69.7,15.67M,-1.69%
1028,3/14/2022,70.2,70.0,70.2,69.6,0.78K,0.29%
1029,3/15/2022,69.5,69.8,70.1,69.5,0.20K,-1.00%
1030,3/16/2022,70.4,70.2,70.5,69.7,0.13K,1.29%
1031,3/17/2022,71.2,71.3,71.8,70.9,1.43K,1.14%
1032,3/18/2022,70.7,70.6,70.9,70.2,14.24M,-0.70%
1033,3/21/2022,69.9,70.9,71.0,69.9,11.09M,-1.13%
1034,3/22/2022,70.3,70.0,70.5,70.0,0.79K,0.57%
1035,3/23/2022,70.5,70.6,71.2,70.3,1.03K,0.28%
1036,3/24/2022,69.8,69.6,70.3,69.6,17.92M,-0.99%
1037,3/25/2022,69.8,70.1,70.2,69.6,12.91M,0.00%
1038,3/28/2022,69.7,69.6,69.9,69.2,0.89K,-0.14%
1039,3/29/2022,70.2,69.9,70.3,69.8,5.95K,0.72%
1040,3/30/2022,69.9,70.3,70.5,69.8,12.35M,-0.43%
1041,3/31/2022,69.6,69.9,70.1,69.6,5.43K,-0.43%
1042,4/1/2022,69.1,69.5,69.5,69.0,15.85M,-0.72%
1043,4/4/2022,69.3,68.9,69.3,68.6,10.80M,0.29%
1044,4/5/2022,69.2,69.4,69.6,69.1,1.96K,-0.14%
1045,4/6/2022,68.5,68.6,68.8,68.5,15.30M,-1.01%
1046,4/7/2022,68.0,68.5,68.5,68.0,2.12K,-0.73%
1047,4/8/2022,67.8,68.1,68.3,67.7,15.36M,-0.29%
1048,4/11/2022,67.9,67.8,68.1,67.4,0.69K,0.15%
1049,4/12/2022,67.0,67.6,67.7,67.0,2.41K,-1.33%
1050,4/13/2022,68.7,67.2,69.0,67.2,0.57K,2.54%
1051,4/14/2022,67.5,68.7,68.7,67.5,2.32K,-1.75%
1052,4/15/2022,66.6,67.2,67.3,66.5,12.99M,-1.33%
1053,4/18/2022,66.7,66.5,67.1,66.1,10.06M,0.15%
1054,4/19/2022,67.3,67.1,68.0,67.0,0.60K,0.90%
1055,4/20/2022,67.4,67.0,67.4,66.5,4.98K,0.15%
1056,4/21/2022,67.7,67.6,68.3,67.5,0.98K,0.45%
1057,4/22/2022,67.0,67.2,67.3,66.7,11.74M,-1.03%
1058,4/25/2022,66.3,66.6,66.7,66.3,0.05K,-1.04%
1059,4/26/2022,66.1,66.5,66.7,66.1,2.99K,-0.30%
1060,4/27/2022,65.0,65.4,65.5,64.9,0.66K,-1.66%
1061,4/28/2022,64.8,65.5,65.5,64.5,0.69K,-0.31%
1062,4/29/2022,67.4,65.1,67.6,65.0,26.09M,4.01%
1063,5/2/2022,67.3,66.6,67.6,66.5,0.67K,-0.15%
1064,5/3/2022,67.5,67.4,68.4,67.3,0.16K,0.30%
1065,5/4/2022,67.9,68.0,68.4,67.5,11.44M,0.59%
1066,5/6/2022,66.5,67.0,67.1,66.5,14.25M,-2.06%
1067,5/9/2022,66.1,66.3,66.9,66.1,11.77M,-0.60%
1068,5/10/2022,65.7,65.9,66.3,65.3,17.17M,-0.61%
1069,5/11/2022,65.7,65.6,66.3,65.3,1.17K,0.00%
1070,5/12/2022,64.9,65.2,65.5,64.9,2.01K,-1.22%
1071,5/13/2022,66.5,65.3,66.7,65.2,14.49M,2.47%
1072,5/16/2022,66.3,67.1,67.3,66.1,3.52K,-0.30%
1073,5/17/2022,67.6,66.7,67.9,66.6,0.71K,1.96%
1074,5/18/2022,68.1,68.2,68.7,67.6,1.69K,0.74%
1075,5/19/2022,67.5,66.6,67.6,66.6,4.71K,-0.88%
1076,5/20/2022,68.0,67.8,68.4,67.7,12.02M,0.74%
1077,5/23/2022,67.9,68.7,68.8,67.6,4.12K,-0.15%
1078,5/24/2022,66.5,67.6,67.7,66.5,4.18K,-2.06%
1079,5/25/2022,66.4,66.7,67.0,65.9,1.00K,-0.15%
1080,5/26/2022,65.9,66.3,67.2,65.5,0.11K,-0.75%
1081,5/27/2022,66.5,66.7,66.9,66.2,11.35M,0.91%
1082,5/30/2022,67.7,67.5,67.8,66.9,14.04M,1.80%
1083,5/31/2022,67.4,67.5,67.5,66.7,23.43M,-0.44%
1084,6/2/2022,66.7,66.6,67.0,66.5,0.06K,-1.04%
1085,6/3/2022,66.8,67.2,67.3,66.8,8.18M,0.15%
1086,6/7/2022,65.5,66.3,66.4,65.4,0.09K,-1.95%
1087,6/8/2022,65.3,65.5,65.7,65.3,3.09K,-0.31%
1088,6/9/2022,65.2,65.1,65.2,64.5,25.52M,-0.15%
1089,6/10/2022,63.8,64.0,64.4,63.8,22.02M,-2.15%
1090,6/13/2022,62.1,62.5,62.8,62.1,1.32K,-2.66%
1091,6/14/2022,61.9,61.2,62.2,61.1,6.14K,-0.32%
1092,6/15/2022,60.7,61.4,61.5,60.2,1.25K,-1.94%
1093,6/16/2022,60.9,61.4,61.8,60.5,1.22K,0.33%
1094,6/17/2022,59.8,59.4,59.9,59.4,28.79M,-1.81%
1095,6/20/2022,58.7,59.9,59.9,58.1,8.25K,-1.84%
1096,6/21/2022,58.5,58.8,59.1,58.2,0.60K,-0.34%
1097,6/22/2022,57.6,59.0,59.0,57.6,20.02K,-1.54%
1098,6/23/2022,57.4,57.7,58.0,56.8,3.18K,-0.35%
1099,6/24/2022,58.4,57.9,59.1,57.7,23.13M,1.74%
1100,6/27/2022,58.8,59.0,59.9,58.3,17.90M,0.68%
1101,6/28/2022,59.4,59.1,59.5,58.7,1.30K,1.02%
1102,6/29/2022,58.0,58.6,58.8,58.0,5.79K,-2.36%
1103,6/30/2022,57.0,57.3,57.6,57.0,14.65K,-1.72%
1104,7/1/2022,56.2,56.9,57.5,55.9,24.61M,-1.40%
1105,7/4/2022,57.1,56.2,57.4,55.7,0.93K,1.60%
1106,7/5/2022,57.2,57.7,58.2,57.2,5.97K,0.18%
1107,7/6/2022,56.4,57.3,57.3,56.4,1.59K,-1.40%
1108,7/7/2022,58.2,56.4,58.7,56.4,0.20K,3.19%
1109,7/8/2022,58.7,58.6,59.3,58.2,15.18M,0.86%
1110,7/11/2022,58.8,59.2,59.5,58.7,0.37K,0.17%
1111,7/12/2022,58.1,58.6,58.7,58.1,1.89K,-1.19%
1112,7/13/2022,58.0,58.2,58.6,58.0,1.69K,-0.17%
1113,7/14/2022,57.5,57.6,58.2,57.4,0.15K,-0.86%
1114,7/15/2022,60.0,58.4,60.0,58.1,18.53M,4.35%
1115,7/18/2022,61.9,60.6,62.0,60.5,3.55K,3.17%
1116,7/19/2022,60.9,61.4,61.4,60.2,0.02K,-1.62%
1117,7/20/2022,60.5,61.9,62.0,60.5,0.11K,-0.66%
1118,7/21/2022,61.8,61.1,61.9,60.9,7.69K,2.15%
1119,7/22/2022,61.3,61.8,62.2,61.2,10.24M,-0.81%
1120,7/25/2022,61.1,60.9,61.9,60.9,7.41K,-0.33%
1121,7/26/2022,61.7,60.8,61.9,60.8,6.57M,0.98%
1122,7/27/2022,61.8,61.4,61.9,61.2,0.43K,0.16%
1123,7/28/2022,61.9,62.2,62.6,61.6,0.61K,0.16%
1124,7/29/2022,61.4,62.4,62.6,61.3,15.04M,-0.81%
1125,8/1/2022,61.3,61.0,61.6,60.3,1.47K,-0.16%
1126,8/2/2022,61.7,61.2,61.9,61.0,13.52M,0.65%
1127,8/3/2022,61.3,61.6,61.6,61.0,9.97M,-0.65%
1128,8/4/2022,61.5,61.7,61.8,61.2,9.10M,0.33%
1129,8/5/2022,61.5,61.7,61.9,61.2,9.49M,0.00%
1130,8/8/2022,60.8,61.3,61.3,60.6,4.60K,-1.14%
1131,8/9/2022,60.0,60.6,60.7,59.6,2.85K,-1.32%
1132,8/10/2022,59.1,58.9,59.2,58.6,17.90M,-1.50%
1133,8/11/2022,59.9,59.7,60.0,59.3,3.13K,1.35%
1134,8/12/2022,60.2,59.5,60.7,59.4,10.74M,0.50%
1135,8/16/2022,61.0,60.5,61.5,60.3,9.50K,1.33%
1136,8/17/2022,60.4,61.1,61.2,60.3,9.01M,-0.98%
1137,8/18/2022,61.5,60.4,61.9,60.1,0.93K,1.82%
1138,8/19/2022,60.9,61.4,61.6,60.6,6.88M,-0.98%
1139,8/22/2022,60.0,60.3,60.4,59.8,8.08M,-1.48%
1140,8/23/2022,59.1,59.4,59.6,59.1,1.02K,-1.50%
1141,8/24/2022,59.0,59.3,59.5,59.0,0.01K,-0.17%
1142,8/25/2022,59.7,59.2,59.7,59.0,0.12K,1.19%
1143,8/26/2022,60.0,60.3,60.9,59.9,9.44M,0.50%
1144,8/29/2022,58.6,58.8,58.9,58.6,3.00K,-2.33%
1145,8/30/2022,58.8,58.7,59.0,58.3,9.59M,0.34%
1146,8/31/2022,59.7,58.3,59.9,58.2,0.62K,1.53%
1147,9/1/2022,58.4,58.7,58.9,58.3,4.80K,-2.18%
1148,9/2/2022,57.5,58.3,58.6,57.5,14.10M,-1.54%
1149,9/5/2022,57.1,57.4,57.8,56.8,1.41K,-0.70%
1150,9/6/2022,57.1,57.2,57.6,56.9,7.44M,0.00%
1151,9/7/2022,56.0,56.7,56.7,55.9,0.18K,-1.93%
1152,9/8/2022,55.6,56.2,56.4,55.6,17.63M,-0.71%
1153,9/13/2022,58.1,56.9,58.5,56.8,0.66K,4.50%
1154,9/14/2022,56.8,56.2,57.2,56.1,0.13K,-2.24%
1155,9/15/2022,56.0,57.1,57.1,56.0,3.94K,-1.41%
1156,9/16/2022,56.2,55.6,56.4,55.5,12.74M,0.36%
1157,9/19/2022,56.4,56.3,57.0,56.0,12.14M,0.36%
1158,9/20/2022,55.8,56.4,57.0,55.8,13.86M,-1.06%
1159,9/21/2022,55.3,55.5,55.5,55.0,1.55K,-0.90%
1160,9/22/2022,54.4,54.7,54.7,54.3,9.15K,-1.63%
1161,9/23/2022,54.5,54.4,54.9,54.2,10.48M,0.18%
1162,9/26/2022,53.9,53.7,54.2,53.6,14.15M,-1.10%
1163,9/27/2022,54.2,53.8,54.2,53.5,15.89M,0.56%
1164,9/28/2022,52.9,53.9,54.4,52.5,19.66M,-2.40%
1165,9/29/2022,52.6,53.3,53.7,52.6,13.69M,-0.57%
1166,9/30/2022,53.1,52.3,53.6,51.8,21.82M,0.95%
1167,10/4/2022,55.2,55.3,55.4,54.5,19.05M,3.95%
1168,10/5/2022,56.0,56.9,57.2,55.4,22.22M,1.45%
1169,10/6/2022,56.3,56.6,57.3,56.3,1.88K,0.54%
1170,10/7/2022,56.2,55.9,56.9,55.2,15.91M,-0.18%
1171,10/11/2022,55.4,54.5,55.6,54.0,1.21K,-1.42%
1172,10/12/2022,55.8,55.4,57.0,55.4,5.55K,0.72%
1173,10/13/2022,55.2,55.5,56.1,55.2,0.21K,-1.08%
1174,10/14/2022,56.3,56.2,56.5,55.8,12.87M,1.99%
1175,10/17/2022,56.6,55.8,56.9,55.8,0.00K,0.53%
1176,10/18/2022,56.5,56.8,57.1,55.8,0.81K,-0.18%
1177,10/19/2022,55.8,56.8,56.9,55.7,1.74K,-1.24%
1178,10/20/2022,55.5,55.2,56.0,55.1,15.77M,-0.54%
1179,10/21/2022,55.9,55.1,56.3,55.1,9.98M,0.72%
1180,10/24/2022,57.5,57.0,57.5,56.7,16.89M,2.86%
1181,10/25/2022,57.7,57.0,58.6,57.0,16.90M,0.35%
1182,10/26/2022,59.4,58.0,59.6,57.8,13.58K,2.95%
1183,10/27/2022,59.5,59.7,60.1,58.9,0.77K,0.17%
1184,10/28/2022,57.3,58.9,59.2,57.2,20.61M,-3.70%
1185,10/31/2022,59.4,58.1,59.9,58.0,18.93M,3.66%
1186,11/1/2022,60.0,59.9,60.3,59.5,17.02M,1.01%
1187,11/2/2022,59.6,59.7,60.0,59.3,0.46K,-0.67%
1188,11/3/2022,59.2,58.7,59.8,58.1,1.13K,-0.67%
1189,11/4/2022,59.4,59.1,59.5,58.4,12.42M,0.34%
1190,11/7/2022,60.2,59.7,60.3,59.4,0.02K,1.35%
1191,11/8/2022,61.8,60.5,61.9,60.5,18.23M,2.66%
1192,11/9/2022,62.0,62.0,62.2,61.3,13.99M,0.32%
1193,11/10/2022,60.4,61.4,61.5,60.4,21.00M,-2.58%
1194,11/11/2022,62.9,63.1,63.2,62.3,19.81M,4.14%
1195,11/14/2022,61.9,62.9,62.9,61.7,3.49K,-1.59%
1196,11/15/2022,62.4,62.3,62.4,61.6,0.26K,0.81%
1197,11/16/2022,62.7,62.4,62.7,61.7,12.76M,0.48%
1198,11/17/2022,61.4,62.0,62.0,61.3,13.27M,-2.07%
1199,11/18/2022,61.8,61.8,62.4,61.4,11.60M,0.65%
1200,11/21/2022,61.4,61.4,61.8,60.8,9.22M,-0.65%
1201,11/22/2022,60.6,60.9,61.2,60.3,9.30M,-1.30%
1202,11/23/2022,61.0,61.2,61.3,60.7,8.74M,0.66%
1203,11/24/2022,61.4,61.3,61.7,60.9,2.22K,0.66%
1204,11/25/2022,61.0,61.4,61.7,60.8,6.64M,-0.65%
1205,11/28/2022,60.1,60.5,60.5,59.8,0.06K,-1.48%
1206,11/29/2022,60.6,59.9,60.6,59.8,0.40K,0.83%
1207,11/30/2022,62.2,60.4,62.2,60.3,0.42K,2.64%
1208,12/1/2022,62.6,63.0,63.2,62.3,0.04K,0.64%
1209,12/2/2022,60.4,62.5,62.5,60.4,15.11M,-3.51%
1210,12/5/2022,60.3,60.8,61.1,60.0,1.33K,-0.17%
1211,12/6/2022,59.2,59.9,60.1,59.2,0.95K,-1.82%
1212,12/7/2022,58.9,58.8,59.6,58.5,11.98M,-0.51%
1213,12/8/2022,59.2,58.8,59.2,58.6,0.49K,0.51%
1214,12/9/2022,60.4,59.3,60.6,59.3,10.43M,2.03%
1215,12/12/2022,59.5,60.0,60.0,59.4,0.46K,-1.49%
1216,12/13/2022,59.7,59.6,60.3,59.4,0.02K,0.34%
1217,12/14/2022,60.5,59.8,60.6,59.8,0.54K,1.34%
1218,12/15/2022,59.3,59.9,60.2,59.3,0.77K,-1.98%
1219,12/16/2022,59.5,58.3,59.5,58.3,12.05M,0.34%
1220,12/19/2022,59.5,59.5,59.9,59.1,7.12M,0.00%
1221,12/20/2022,58.6,59.0,59.1,58.5,8.95M,-1.51%
1222,12/21/2022,58.0,58.7,59.1,58.0,0.61K,-1.02%
1223,12/22/2022,59.1,58.2,59.1,58.1,0.46K,1.90%
1224,12/23/2022,58.1,58.2,58.4,57.7,9.80M,-1.69%
1225,12/26/2022,57.9,58.0,58.1,57.7,0.56K,-0.34%
1226,12/27/2022,58.1,58.0,58.4,57.9,1.21K,0.35%
1227,12/28/2022,56.6,57.5,57.6,56.5,1.11K,-2.58%
1228,12/29/2022,55.3,56.0,56.2,55.3,10.86M,-2.30%
1229,1/2/2023,55.5,55.5,56.1,55.2,9.96M,0.36%
1230,1/3/2023,55.4,55.5,56.0,54.5,2.97K,-0.18%
1231,1/4/2023,57.8,55.7,58.0,55.6,20.01M,4.33%
1232,1/5/2023,58.2,58.1,58.7,57.6,5.81K,0.69%
1233,1/6/2023,59.0,58.3,59.4,57.9,17.01M,1.37%
1234,1/9/2023,60.7,59.7,60.7,59.6,4.21K,2.88%
1235,1/10/2023,60.4,60.2,61.1,59.9,16.98K,-0.49%
1236,1/11/2023,60.5,61.0,61.2,60.3,12.24M,0.17%
1237,1/12/2023,60.5,61.2,61.2,59.9,1.56K,0.00%
1238,1/13/2023,60.8,60.5,61.2,60.4,12.47M,0.50%
1239,1/16/2023,61.1,61.2,61.6,60.8,0.20K,0.49%
1240,1/17/2023,61.0,61.2,61.5,60.6,9.60M,-0.16%
1241,1/18/2023,60.4,60.7,61.0,59.9,0.33K,-0.98%
1242,1/19/2023,61.5,60.4,61.5,60.4,0.25K,1.82%
1243,1/20/2023,61.8,62.1,62.3,61.1,9.60M,0.49%
1244,1/25/2023,63.4,63.5,63.7,63.0,16.79M,2.59%
1245,1/26/2023,63.9,63.8,63.9,63.3,13.25M,0.79%
1246,1/27/2023,64.6,64.4,65.0,63.9,18.15M,1.10%
1247,1/30/2023,63.3,64.9,64.9,63.1,19.15M,-2.01%
1248,1/31/2023,61.0,63.4,63.7,61.0,1.28K,-3.63%
1249,2/1/2023,61.8,62.5,62.6,61.0,0.11K,1.31%
1250,2/2/2023,63.5,63.2,63.9,62.6,23.12M,2.75%
1251,2/3/2023,63.8,63.9,64.0,63.0,14.81M,0.47%
1252,2/6/2023,61.6,62.8,63.0,61.6,15.46M,-3.45%
1253,2/7/2023,61.9,61.9,62.5,61.6,14.47M,0.49%
1254,2/8/2023,63.1,62.8,63.3,62.4,12.18M,1.94%
1255,2/9/2023,63.0,63.0,63.3,62.3,12.12M,-0.16%
1256,2/10/2023,62.8,62.6,63.0,62.4,9.34M,-0.32%
1257,2/13/2023,62.9,62.9,63.0,62.3,10.68M,0.16%
1258,2/14/2023,63.2,63.5,63.9,63.2,0.11K,0.48%
1259,2/15/2023,62.2,63.9,63.9,62.0,13.14M,-1.58%
1260,2/16/2023,63.7,62.6,63.7,62.4,0.13K,2.41%
1261,2/17/2023,62.6,62.9,63.3,62.4,10.68M,-1.73%
1262,2/20/2023,62.7,62.9,63.0,61.8,12.88M,0.16%
1263,2/21/2023,62.1,62.7,62.8,62.0,7.58M,-0.96%
1264,2/22/2023,61.1,61.5,61.8,61.0,0.51K,-1.61%
1265,2/23/2023,62.0,61.7,62.5,61.5,24.29K,1.47%
1266,2/24/2023,61.3,62.3,62.6,61.3,10.13M,-1.13%
1267,2/27/2023,60.5,60.8,60.8,60.2,11.11M,-1.31%
1268,2/28/2023,60.6,60.8,61.4,60.5,11.77M,0.17%
1269,3/2/2023,60.8,60.9,61.8,60.5,13.02M,0.33%
1270,3/3/2023,60.5,61.0,61.2,60.5,10.64M,-0.49%
1271,3/6/2023,61.5,61.1,61.6,60.8,13.14M,1.65%
1272,3/7/2023,60.7,61.4,61.4,60.7,11.45M,-1.30%
1273,3/8/2023,60.3,60.1,60.5,59.9,13.91M,-0.66%
1274,3/9/2023,60.1,60.5,60.8,59.9,1.51K,-0.33%
1275,3/10/2023,59.5,59.5,59.7,59.1,11.83M,-1.00%
1276,3/13/2023,60.0,59.9,60.2,59.3,3.34K,0.84%
1277,3/14/2023,59.0,59.4,59.5,59.0,11.22M,-1.67%
1278,3/15/2023,59.8,60.0,60.3,59.6,4.52K,1.36%
1279,3/16/2023,59.9,59.2,60.2,59.1,0.07K,0.17%
1280,3/17/2023,61.3,60.8,61.3,60.6,13.81M,2.34%
1281,3/20/2023,60.2,61.1,61.2,60.2,9.56M,-1.79%
1282,3/21/2023,60.3,60.5,60.7,60.1,0.07K,0.17%
1283,3/22/2023,61.1,61.0,61.2,60.5,0.52K,1.33%
1284,3/23/2023,62.3,60.6,62.3,60.6,15.30M,1.96%
1285,3/24/2023,63.0,62.7,63.3,62.3,17.46M,1.12%
1286,3/27/2023,62.1,62.7,62.8,62.0,3.85K,-1.43%
1287,3/28/2023,62.9,62.4,62.9,62.1,2.73K,1.29%
1288,3/29/2023,62.7,62.5,62.7,62.2,0.28K,-0.32%
1289,3/30/2023,63.2,63.7,63.7,63.1,1.47K,0.80%
1290,3/31/2023,64.0,64.0,64.0,63.7,13.36M,1.27%
1291,4/3/2023,63.1,64.0,64.0,63.0,11.94M,-1.41%
1292,4/4/2023,63.6,63.3,63.8,62.9,1.07K,0.79%
1293,4/5/2023,63.9,63.7,64.0,63.4,0.73K,0.47%
1294,4/6/2023,62.3,63.5,63.6,62.3,14.97M,-2.50%
1295,4/7/2023,65.0,63.8,65.2,63.8,27.42M,4.33%
1296,4/10/2023,65.7,64.8,66.3,64.7,18.73M,1.08%
1297,4/11/2023,65.9,66.2,66.2,65.4,16.18M,0.30%
1298,4/12/2023,66.0,65.7,66.2,65.3,0.83K,0.15%
1299,4/13/2023,66.1,65.6,66.1,65.4,1.44K,0.15%
1300,4/14/2023,65.1,66.6,66.6,65.0,15.49M,-1.51%
1301,4/17/2023,65.3,64.9,65.6,64.7,4.08K,0.31%
1302,4/18/2023,65.6,65.9,66.0,64.8,14.76M,0.46%
1303,4/19/2023,65.5,65.5,65.8,65.3,10.24M,-0.15%
1304,4/20/2023,65.3,65.1,65.3,64.6,0.69K,-0.31%
1305,4/21/2023,65.7,65.8,65.9,65.4,10.29M,0.61%
1306,4/24/2023,65.2,65.3,65.7,64.8,12.89M,-0.76%
1307,4/25/2023,63.6,65.2,65.4,63.4,4.13K,-2.45%
1308,4/26/2023,64.1,63.7,64.3,63.3,1.99K,0.79%
1309,4/27/2023,64.6,64.1,65.0,63.3,14.71M,0.78%
1310,4/28/2023,65.5,65.2,65.9,65.0,18.14M,1.39%
1311,5/2/2023,65.7,66.0,66.3,65.1,14.08M,0.31%
1312,5/3/2023,65.4,65.2,65.6,64.9,0.82K,-0.46%
1313,5/4/2023,65.1,65.6,65.7,64.7,9.76M,-0.46%
1314,5/8/2023,65.9,66.2,66.3,65.4,0.54K,1.23%
1315,5/9/2023,65.3,65.8,65.8,65.1,9.28M,-0.91%
1316,5/10/2023,64.6,65.5,65.5,64.3,13.02M,-1.07%
1317,5/11/2023,64.2,64.8,65.1,64.2,0.43K,-0.62%
1318,5/12/2023,64.1,63.7,64.6,63.6,7.53M,-0.16%
1319,5/15/2023,64.5,64.1,64.6,63.9,8.13M,0.62%
1320,5/16/2023,65.4,65.8,65.9,65.3,12.19M,1.40%
1321,5/17/2023,65.0,65.9,65.9,64.8,10.20M,-0.61%
1322,5/18/2023,66.2,65.9,66.2,65.7,0.32K,1.85%
1323,5/19/2023,68.4,67.8,68.4,67.5,20.29M,3.32%
1324,5/22/2023,68.5,68.4,69.0,68.0,14.36M,0.15%
1325,5/23/2023,68.4,68.5,68.7,68.1,8.51M,-0.15%
1326,5/24/2023,68.5,68.1,68.7,68.0,8.05M,0.15%
1327,5/25/2023,68.8,69.9,70.0,68.7,14.10M,0.44%
1328,5/26/2023,70.3,69.8,70.4,69.5,19.47M,2.18%
1329,5/30/2023,72.3,71.3,72.3,71.2,6.00K,2.84%
1330,5/31/2023,71.4,72.4,72.5,71.0,0.89K,-1.24%
1331,6/1/2023,70.9,70.9,71.6,70.6,14.55M,-0.70%
1332,6/2/2023,72.2,71.7,72.2,71.6,11.72M,1.83%
1333,6/5/2023,71.7,72.7,72.7,71.4,12.62M,-0.69%
1334,6/7/2023,71.0,71.3,71.6,70.8,14.72M,-0.98%
1335,6/8/2023,70.9,70.4,70.9,70.0,0.16K,-0.14%
1336,6/9/2023,72.0,71.1,72.3,70.8,14.97M,1.55%
1337,6/12/2023,71.0,72.1,72.4,70.8,0.11K,-1.39%
1338,6/13/2023,72.0,71.7,72.2,71.6,0.14K,1.41%
1339,6/14/2023,71.9,72.1,72.2,71.1,12.46M,-0.14%
1340,6/15/2023,71.5,72.1,72.3,71.4,0.50K,-0.56%
1341,6/16/2023,71.8,71.8,71.9,70.9,14.27M,0.42%
1342,6/19/2023,71.2,71.4,71.7,70.9,0.32K,-0.84%
1343,6/20/2023,71.4,70.7,71.4,70.4,0.28K,0.28%
1344,6/21/2023,70.5,70.8,71.2,70.4,0.18K,-1.26%
1345,6/22/2023,71.3,70.1,71.5,70.1,0.55K,1.13%
1346,6/23/2023,71.6,72.0,72.2,71.6,12.23M,0.42%
1347,6/26/2023,72.4,71.8,72.5,71.5,0.90K,1.12%
1348,6/27/2023,72.6,72.5,72.6,72.0,0.26K,0.28%
1349,6/28/2023,72.7,72.6,72.7,72.0,8.69M,0.14%
1350,6/29/2023,72.4,73.0,73.4,72.4,1.68K,-0.41%
1351,6/30/2023,72.2,72.5,72.7,71.7,11.32M,-0.28%
1352,7/3/2023,73.0,72.7,73.2,72.6,1.39K,1.11%
1353,7/4/2023,73.0,73.4,73.6,73.0,0.48K,0.00%
1354,7/5/2023,72.0,73.0,73.3,71.9,0.76K,-1.37%
1355,7/6/2023,71.6,71.9,72.3,71.5,1.63K,-0.56%
1356,7/7/2023,69.9,71.1,71.4,69.8,17.23M,-2.37%
1357,7/10/2023,69.5,70.0,70.4,69.2,0.18K,-0.57%
1358,7/11/2023,71.5,70.2,71.5,70.1,0.89K,2.88%
1359,7/12/2023,71.9,71.1,72.0,71.1,0.03K,0.56%
1360,7/13/2023,71.9,72.3,72.6,71.9,0.46K,0.00%
1361,7/14/2023,73.4,72.5,73.4,72.4,15.74M,2.09%
1362,7/17/2023,73.3,73.0,73.5,72.8,0.63K,-0.14%
1363,7/18/2023,72.0,73.2,73.5,72.0,11.26M,-1.77%
1364,7/19/2023,71.7,72.7,72.7,71.3,2.94K,-0.42%
1365,7/20/2023,71.0,71.1,71.5,70.8,9.67M,-0.98%
1366,7/21/2023,70.3,70.4,70.4,69.4,16.50M,-0.99%
1367,7/24/2023,70.4,70.2,70.8,70.0,1.81K,0.14%
1368,7/25/2023,70.0,70.2,70.5,69.8,4.37K,-0.57%
1369,7/26/2023,69.8,69.8,70.6,68.1,29.81M,-0.29%
1370,7/27/2023,71.7,69.8,71.7,69.3,11.57K,2.72%
1371,7/28/2023,70.6,71.8,72.4,70.1,19.00M,-1.53%
1372,7/31/2023,69.8,70.8,71.0,69.8,0.06K,-1.13%
1373,8/1/2023,71.1,70.2,71.2,70.1,1.90K,1.86%
1374,8/2/2023,69.9,70.8,71.0,69.8,1.31K,-1.69%
1375,8/3/2023,68.8,70.0,70.2,68.5,0.32K,-1.57%
1376,8/4/2023,68.3,68.8,69.1,68.2,12.26M,-0.73%
1377,8/7/2023,68.5,67.7,69.2,67.7,0.32K,0.29%
1378,8/8/2023,67.6,69.0,69.1,67.4,3.19K,-1.31%
1379,8/9/2023,68.9,68.0,69.5,68.0,0.71K,1.92%
1380,8/10/2023,68.0,68.3,68.5,67.8,10.17M,-1.31%
1381,8/11/2023,67.5,68.4,68.8,67.5,9.63M,-0.74%
1382,8/14/2023,67.3,67.5,67.9,66.9,9.33M,-0.30%
1383,8/16/2023,67.0,66.8,67.1,66.4,4.78K,-0.45%
1384,8/17/2023,66.7,66.4,66.8,66.0,1.77K,-0.45%
1385,8/18/2023,66.3,66.0,66.7,65.8,11.63M,-0.60%
1386,8/21/2023,66.6,66.6,67.1,66.3,9.56M,0.45%
1387,8/22/2023,66.6,67.3,67.6,66.3,2.34K,0.00%
1388,8/23/2023,67.1,66.6,67.1,66.4,0.10K,0.75%
1389,8/24/2023,68.2,68.3,68.6,68.0,0.24K,1.64%
1390,8/25/2023,67.1,67.1,67.4,66.9,7.00M,-1.61%
1391,8/28/2023,66.8,66.8,67.0,66.5,5.78M,-0.45%
1392,8/29/2023,66.8,67.0,67.2,66.6,0.22K,0.00%
1393,8/30/2023,67.1,67.3,67.7,67.1,0.24K,0.45%
1394,8/31/2023,66.9,67.2,67.2,66.4,0.44K,-0.30%
1395,9/1/2023,71.0,66.8,71.0,66.7,29.42M,6.13%
1396,9/4/2023,71.2,72.8,72.8,70.7,5.62K,0.28%
1397,9/5/2023,70.7,71.0,71.5,70.2,1.53K,-0.70%
1398,9/6/2023,70.0,70.7,70.8,69.7,3.06K,-0.99%
1399,9/7/2023,70.4,70.1,70.6,69.6,1.04K,0.57%
1400,9/8/2023,70.3,70.2,70.3,69.6,10.58M,-0.14%
1401,9/11/2023,70.8,70.4,70.8,70.0,0.68K,0.71%
1402,9/12/2023,70.5,70.8,71.0,70.4,1.90K,-0.42%
1403,9/13/2023,70.9,71.0,71.5,70.3,0.50K,0.57%
1404,9/14/2023,71.7,71.2,71.8,70.8,0.39K,1.13%
1405,9/15/2023,72.0,71.7,72.3,71.4,17.51M,0.42%
1406,9/18/2023,70.2,71.4,71.7,70.2,0.30K,-2.50%
1407,9/19/2023,69.8,70.4,70.8,69.6,2.23K,-0.57%
1408,9/20/2023,69.6,69.9,70.3,69.5,22.30K,-0.29%
1409,9/21/2023,68.9,69.3,69.8,68.8,0.44K,-1.01%
1410,9/22/2023,68.8,68.3,68.9,68.3,9.42M,-0.15%
1411,9/25/2023,69.4,68.5,69.7,68.5,13.34M,0.87%
1412,9/26/2023,68.6,69.9,69.9,68.4,0.47K,-1.15%
1413,9/27/2023,68.4,68.6,69.1,68.2,13.08M,-0.29%
1414,10/4/2023,67.5,67.4,67.7,66.7,22.46M,-1.32%
1415,10/5/2023,66.7,67.3,67.4,66.7,0.35K,-1.19%
1416,10/6/2023,66.0,67.1,67.3,66.0,14.19M,-1.05%
1417,10/10/2023,66.4,66.2,67.6,66.2,19.11M,0.61%
1418,10/11/2023,68.2,68.5,69.4,67.9,0.09K,2.71%
1419,10/12/2023,68.9,68.7,69.7,68.2,1.82K,1.03%
1420,10/13/2023,68.0,68.0,68.5,67.7,9.56M,-1.31%
1421,10/16/2023,67.3,67.9,68.5,66.8,12.54M,-1.03%
1422,10/17/2023,69.4,67.7,69.8,67.5,0.44K,3.12%
1423,10/18/2023,70.5,68.8,70.5,68.8,0.09K,1.59%
1424,10/19/2023,69.5,69.7,70.0,69.4,0.14K,-1.42%
1425,10/20/2023,68.8,68.9,69.2,68.1,15.11M,-1.01%
1426,10/23/2023,68.4,68.7,69.1,68.2,10.61M,-0.58%
1427,10/24/2023,68.5,68.7,68.8,67.7,12.75M,0.15%
1428,10/25/2023,68.0,68.8,68.8,67.9,0.21K,-0.73%
1429,10/26/2023,66.7,67.0,67.9,66.7,14.59M,-1.91%
1430,10/27/2023,67.3,67.1,67.3,66.7,11.25M,0.90%
1431,10/30/2023,67.3,66.8,67.8,66.7,0.19K,0.00%
1432,10/31/2023,66.9,67.5,68.2,66.9,0.60K,-0.59%
1433,11/1/2023,68.6,67.4,68.8,67.3,0.15K,2.54%
1434,11/2/2023,69.7,69.9,70.0,69.4,0.05K,1.60%
1435,11/3/2023,69.6,69.7,70.2,69.5,10.28M,-0.14%
1436,11/6/2023,70.9,69.8,70.9,69.3,2.07K,1.87%
1437,11/7/2023,70.9,70.7,70.9,70.0,2.07K,0.00%
1438,11/8/2023,69.9,71.3,71.4,69.7,12.73M,-1.41%
1439,11/9/2023,70.3,69.9,70.8,69.6,1.20K,0.57%
1440,11/10/2023,70.5,70.0,70.5,69.5,9.09M,0.28%
1441,11/13/2023,70.4,71.2,71.3,70.3,0.66K,-0.14%
1442,11/14/2023,70.8,71.0,71.1,70.6,0.07K,0.57%
1443,11/15/2023,72.2,71.6,72.2,71.5,20.06M,1.98%
1444,11/16/2023,72.8,72.5,73.0,72.3,14.55M,0.83%
1445,11/17/2023,72.5,72.3,73.0,72.3,10.85M,-0.41%
1446,11/20/2023,72.7,72.1,73.0,72.1,10.58M,0.28%
1447,11/21/2023,72.8,73.1,73.4,72.7,0.97K,0.14%
1448,11/22/2023,72.8,72.2,73.0,71.9,0.77K,0.00%
1449,11/23/2023,72.4,72.9,73.2,72.2,1.08K,-0.55%
1450,11/24/2023,71.7,72.4,72.6,71.7,6.39M,-0.97%
1451,11/27/2023,71.3,71.8,72.1,71.1,0.55K,-0.56%
1452,11/28/2023,72.7,71.4,72.7,71.3,13.27M,1.96%
1453,11/29/2023,72.7,72.4,72.8,72.2,8.91M,0.00%
1454,11/30/2023,72.8,72.6,72.8,72.2,1.92K,0.14%
1455,12/1/2023,72.0,72.4,72.5,71.7,9.78M,-1.10%
1456,12/4/2023,72.6,72.7,72.9,72.5,0.55K,0.83%
1457,12/5/2023,71.2,72.3,72.4,71.2,0.45K,-1.93%
1458,12/6/2023,71.7,71.9,72.1,71.6,0.25K,0.70%
1459,12/7/2023,71.5,71.8,71.9,71.1,0.06K,-0.28%
1460,12/8/2023,72.6,72.1,72.8,71.9,10.12M,1.54%
